,long,lat,value
0,-25.6423995,-49.38729786,1.0
1,-25.6423995,-49.38321558,1.0
2,-25.6423995,-49.3791333,1.0
3,-25.6423995,-49.37505102,1.0
4,-25.6423995,-49.37096874,1.0
5,-25.6423995,-49.36688646,1.0
6,-25.6423995,-49.36280418,1.0
7,-25.6423995,-49.3587219,1.0
8,-25.6423995,-49.35463962,1.0
9,-25.6423995,-49.35055734,1.0
10,-25.6423995,-49.34647506,1.0
11,-25.6423995,-49.34239278,1.0
12,-25.6423995,-49.3383105,1.0
13,-25.6423995,-49.33422822,1.0
14,-25.6423995,-49.33014594,1.0
15,-25.6423995,-49.32606366,1.0
16,-25.6423995,-49.32198138,1.0
17,-25.6423995,-49.3178991,1.0
18,-25.6423995,-49.31381682,1.0
19,-25.6423995,-49.30973454,1.0
20,-25.6423995,-49.30565226,1.0
21,-25.6423995,-49.30156998,1.0
22,-25.6423995,-49.2974877,1.0
23,-25.6423995,-49.29340542,1.0
24,-25.6423995,-49.28932314,1.0
25,-25.6423995,-49.28524086,1.0
26,-25.6423995,-49.28115858,1.0
27,-25.6423995,-49.2770763,1.0
28,-25.6423995,-49.27299402,1.0
29,-25.6423995,-49.26891174,1.0
30,-25.6423995,-49.26482946,1.0
31,-25.6423995,-49.26074718,1.0
32,-25.6423995,-49.2566649,1.0
33,-25.6423995,-49.25258262,1.0
34,-25.6423995,-49.24850034,1.0
35,-25.6423995,-49.24441806,1.0
36,-25.6423995,-49.24033578,1.0
37,-25.6423995,-49.2362535,1.0
38,-25.6423995,-49.23217122,1.0
39,-25.6423995,-49.22808894,1.0
40,-25.6423995,-49.22400666,1.0
41,-25.6423995,-49.21992438,1.0
42,-25.6423995,-49.2158421,1.0
43,-25.6423995,-49.21175982,1.0
44,-25.6423995,-49.20767754,1.0
45,-25.6423995,-49.20359526,1.0
46,-25.6423995,-49.19951298,1.0
47,-25.6423995,-49.1954307,1.0
48,-25.6423995,-49.19134842,1.0
49,-25.6423995,-49.18726614,1.0
50,-25.6364265,-49.38729786,1.0
51,-25.6364265,-49.38321558,1.0
52,-25.6364265,-49.3791333,1.0
53,-25.6364265,-49.37505102,1.0
54,-25.6364265,-49.37096874,1.0
55,-25.6364265,-49.36688646,1.0
56,-25.6364265,-49.36280418,1.0
57,-25.6364265,-49.3587219,1.0
58,-25.6364265,-49.35463962,1.0
59,-25.6364265,-49.35055734,1.0
60,-25.6364265,-49.34647506,1.0
61,-25.6364265,-49.34239278,1.0
62,-25.6364265,-49.3383105,1.0
63,-25.6364265,-49.33422822,1.0
64,-25.6364265,-49.33014594,1.0
65,-25.6364265,-49.32606366,1.0
66,-25.6364265,-49.32198138,1.0
67,-25.6364265,-49.3178991,1.0
68,-25.6364265,-49.31381682,1.0
69,-25.6364265,-49.30973454,1.0
70,-25.6364265,-49.30565226,1.0
71,-25.6364265,-49.30156998,1.0
72,-25.6364265,-49.2974877,1.0
73,-25.6364265,-49.29340542,1.0
74,-25.6364265,-49.28932314,1.0
75,-25.6364265,-49.28524086,1.0
76,-25.6364265,-49.28115858,1.0
77,-25.6364265,-49.2770763,1.0
78,-25.6364265,-49.27299402,1.0
79,-25.6364265,-49.26891174,1.0
80,-25.6364265,-49.26482946,1.0
81,-25.6364265,-49.26074718,1.0
82,-25.6364265,-49.2566649,1.0
83,-25.6364265,-49.25258262,1.0
84,-25.6364265,-49.24850034,1.0
85,-25.6364265,-49.24441806,1.0
86,-25.6364265,-49.24033578,1.0
87,-25.6364265,-49.2362535,1.0
88,-25.6364265,-49.23217122,1.0
89,-25.6364265,-49.22808894,1.0
90,-25.6364265,-49.22400666,1.0
91,-25.6364265,-49.21992438,1.0
92,-25.6364265,-49.2158421,1.0
93,-25.6364265,-49.21175982,1.0
94,-25.6364265,-49.20767754,1.0
95,-25.6364265,-49.20359526,1.0
96,-25.6364265,-49.19951298,1.0
97,-25.6364265,-49.1954307,1.0
98,-25.6364265,-49.19134842,1.0
99,-25.6364265,-49.18726614,1.0
100,-25.6304535,-49.38729786,1.0
101,-25.6304535,-49.38321558,1.0
102,-25.6304535,-49.3791333,1.0
103,-25.6304535,-49.37505102,1.0
104,-25.6304535,-49.37096874,1.0
105,-25.6304535,-49.36688646,1.0
106,-25.6304535,-49.36280418,1.0
107,-25.6304535,-49.3587219,1.0
108,-25.6304535,-49.35463962,1.0
109,-25.6304535,-49.35055734,1.0
110,-25.6304535,-49.34647506,1.0
111,-25.6304535,-49.34239278,1.0
112,-25.6304535,-49.3383105,1.0
113,-25.6304535,-49.33422822,1.0
114,-25.6304535,-49.33014594,1.0
115,-25.6304535,-49.32606366,1.0
116,-25.6304535,-49.32198138,1.0
117,-25.6304535,-49.3178991,1.0
118,-25.6304535,-49.31381682,1.0
119,-25.6304535,-49.30973454,1.0
120,-25.6304535,-49.30565226,1.0
121,-25.6304535,-49.30156998,1.0
122,-25.6304535,-49.2974877,1.0
123,-25.6304535,-49.29340542,1.0
124,-25.6304535,-49.28932314,1.0
125,-25.6304535,-49.28524086,1.0
126,-25.6304535,-49.28115858,1.0
127,-25.6304535,-49.2770763,1.0
128,-25.6304535,-49.27299402,1.0
129,-25.6304535,-49.26891174,1.0
130,-25.6304535,-49.26482946,1.0
131,-25.6304535,-49.26074718,1.0
132,-25.6304535,-49.2566649,1.0
133,-25.6304535,-49.25258262,1.0
134,-25.6304535,-49.24850034,1.0
135,-25.6304535,-49.24441806,1.0
136,-25.6304535,-49.24033578,1.0
137,-25.6304535,-49.2362535,1.0
138,-25.6304535,-49.23217122,1.0
139,-25.6304535,-49.22808894,1.0
140,-25.6304535,-49.22400666,1.0
141,-25.6304535,-49.21992438,1.0
142,-25.6304535,-49.2158421,1.0
143,-25.6304535,-49.21175982,1.0
144,-25.6304535,-49.20767754,1.0
145,-25.6304535,-49.20359526,1.0
146,-25.6304535,-49.19951298,1.0
147,-25.6304535,-49.1954307,1.0
148,-25.6304535,-49.19134842,1.0
149,-25.6304535,-49.18726614,1.0
150,-25.6244805,-49.38729786,1.0
151,-25.6244805,-49.38321558,1.0
152,-25.6244805,-49.3791333,1.0
153,-25.6244805,-49.37505102,1.0
154,-25.6244805,-49.37096874,1.0
155,-25.6244805,-49.36688646,1.0
156,-25.6244805,-49.36280418,1.0
157,-25.6244805,-49.3587219,1.0
158,-25.6244805,-49.35463962,1.0
159,-25.6244805,-49.35055734,1.0
160,-25.6244805,-49.34647506,1.0
161,-25.6244805,-49.34239278,1.0
162,-25.6244805,-49.3383105,1.0
163,-25.6244805,-49.33422822,1.0
164,-25.6244805,-49.33014594,1.0
165,-25.6244805,-49.32606366,1.0
166,-25.6244805,-49.32198138,1.0
167,-25.6244805,-49.3178991,1.0
168,-25.6244805,-49.31381682,1.0
169,-25.6244805,-49.30973454,1.0
170,-25.6244805,-49.30565226,1.0
171,-25.6244805,-49.30156998,1.0
172,-25.6244805,-49.2974877,1.0
173,-25.6244805,-49.29340542,1.0
174,-25.6244805,-49.28932314,1.0
175,-25.6244805,-49.28524086,1.0
176,-25.6244805,-49.28115858,1.0
177,-25.6244805,-49.2770763,1.0
178,-25.6244805,-49.27299402,1.0
179,-25.6244805,-49.26891174,1.0
180,-25.6244805,-49.26482946,1.0
181,-25.6244805,-49.26074718,1.0
182,-25.6244805,-49.2566649,1.0
183,-25.6244805,-49.25258262,1.0
184,-25.6244805,-49.24850034,1.0
185,-25.6244805,-49.24441806,1.0
186,-25.6244805,-49.24033578,1.0
187,-25.6244805,-49.2362535,1.0
188,-25.6244805,-49.23217122,1.0
189,-25.6244805,-49.22808894,1.0
190,-25.6244805,-49.22400666,1.0
191,-25.6244805,-49.21992438,1.0
192,-25.6244805,-49.2158421,1.0
193,-25.6244805,-49.21175982,1.0
194,-25.6244805,-49.20767754,1.0
195,-25.6244805,-49.20359526,1.0
196,-25.6244805,-49.19951298,1.0
197,-25.6244805,-49.1954307,1.0
198,-25.6244805,-49.19134842,1.0
199,-25.6244805,-49.18726614,1.0
200,-25.6185075,-49.38729786,1.0
201,-25.6185075,-49.38321558,1.0
202,-25.6185075,-49.3791333,1.0
203,-25.6185075,-49.37505102,1.0
204,-25.6185075,-49.37096874,1.0
205,-25.6185075,-49.36688646,1.0
206,-25.6185075,-49.36280418,1.0
207,-25.6185075,-49.3587219,1.0
208,-25.6185075,-49.35463962,1.0
209,-25.6185075,-49.35055734,1.0
210,-25.6185075,-49.34647506,1.0
211,-25.6185075,-49.34239278,1.0
212,-25.6185075,-49.3383105,1.0
213,-25.6185075,-49.33422822,1.0
214,-25.6185075,-49.33014594,1.0
215,-25.6185075,-49.32606366,1.0
216,-25.6185075,-49.32198138,1.0
217,-25.6185075,-49.3178991,1.0
218,-25.6185075,-49.31381682,1.0
219,-25.6185075,-49.30973454,1.0
220,-25.6185075,-49.30565226,1.0
221,-25.6185075,-49.30156998,1.0
222,-25.6185075,-49.2974877,1.0
223,-25.6185075,-49.29340542,1.0
224,-25.6185075,-49.28932314,1.0
225,-25.6185075,-49.28524086,1.0
226,-25.6185075,-49.28115858,1.0
227,-25.6185075,-49.2770763,1.0
228,-25.6185075,-49.27299402,1.0
229,-25.6185075,-49.26891174,1.0
230,-25.6185075,-49.26482946,1.0
231,-25.6185075,-49.26074718,1.0
232,-25.6185075,-49.2566649,1.0
233,-25.6185075,-49.25258262,1.0
234,-25.6185075,-49.24850034,1.0
235,-25.6185075,-49.24441806,1.0
236,-25.6185075,-49.24033578,1.0
237,-25.6185075,-49.2362535,1.0
238,-25.6185075,-49.23217122,1.0
239,-25.6185075,-49.22808894,1.0
240,-25.6185075,-49.22400666,1.0
241,-25.6185075,-49.21992438,1.0
242,-25.6185075,-49.2158421,1.0
243,-25.6185075,-49.21175982,1.0
244,-25.6185075,-49.20767754,1.0
245,-25.6185075,-49.20359526,1.0
246,-25.6185075,-49.19951298,1.0
247,-25.6185075,-49.1954307,1.0
248,-25.6185075,-49.19134842,1.0
249,-25.6185075,-49.18726614,1.0
250,-25.6125345,-49.38729786,1.0
251,-25.6125345,-49.38321558,1.0
252,-25.6125345,-49.3791333,1.0
253,-25.6125345,-49.37505102,1.0
254,-25.6125345,-49.37096874,1.0
255,-25.6125345,-49.36688646,1.0
256,-25.6125345,-49.36280418,1.0
257,-25.6125345,-49.3587219,1.0
258,-25.6125345,-49.35463962,1.0
259,-25.6125345,-49.35055734,1.0
260,-25.6125345,-49.34647506,1.0
261,-25.6125345,-49.34239278,1.0
262,-25.6125345,-49.3383105,1.0
263,-25.6125345,-49.33422822,1.0
264,-25.6125345,-49.33014594,1.0
265,-25.6125345,-49.32606366,1.0
266,-25.6125345,-49.32198138,1.0
267,-25.6125345,-49.3178991,1.0
268,-25.6125345,-49.31381682,1.0
269,-25.6125345,-49.30973454,1.0
270,-25.6125345,-49.30565226,1.0
271,-25.6125345,-49.30156998,1.0
272,-25.6125345,-49.2974877,1.0
273,-25.6125345,-49.29340542,1.0
274,-25.6125345,-49.28932314,1.0
275,-25.6125345,-49.28524086,1.0
276,-25.6125345,-49.28115858,1.0
277,-25.6125345,-49.2770763,1.0
278,-25.6125345,-49.27299402,1.0
279,-25.6125345,-49.26891174,1.0
280,-25.6125345,-49.26482946,1.0
281,-25.6125345,-49.26074718,1.0
282,-25.6125345,-49.2566649,1.0
283,-25.6125345,-49.25258262,1.0
284,-25.6125345,-49.24850034,1.0
285,-25.6125345,-49.24441806,1.0
286,-25.6125345,-49.24033578,1.0
287,-25.6125345,-49.2362535,1.0
288,-25.6125345,-49.23217122,1.0
289,-25.6125345,-49.22808894,1.0
290,-25.6125345,-49.22400666,1.0
291,-25.6125345,-49.21992438,1.0
292,-25.6125345,-49.2158421,1.0
293,-25.6125345,-49.21175982,1.0
294,-25.6125345,-49.20767754,1.0
295,-25.6125345,-49.20359526,1.0
296,-25.6125345,-49.19951298,1.0
297,-25.6125345,-49.1954307,1.0
298,-25.6125345,-49.19134842,1.0
299,-25.6125345,-49.18726614,1.0
300,-25.6065615,-49.38729786,1.0
301,-25.6065615,-49.38321558,1.0
302,-25.6065615,-49.3791333,1.0
303,-25.6065615,-49.37505102,1.0
304,-25.6065615,-49.37096874,1.0
305,-25.6065615,-49.36688646,1.0
306,-25.6065615,-49.36280418,1.0
307,-25.6065615,-49.3587219,1.0
308,-25.6065615,-49.35463962,1.0
309,-25.6065615,-49.35055734,1.0
310,-25.6065615,-49.34647506,1.0
311,-25.6065615,-49.34239278,1.0
312,-25.6065615,-49.3383105,1.0
313,-25.6065615,-49.33422822,1.0
314,-25.6065615,-49.33014594,1.0
315,-25.6065615,-49.32606366,1.0
316,-25.6065615,-49.32198138,1.0
317,-25.6065615,-49.3178991,1.0
318,-25.6065615,-49.31381682,1.0
319,-25.6065615,-49.30973454,1.0
320,-25.6065615,-49.30565226,1.0
321,-25.6065615,-49.30156998,1.0
322,-25.6065615,-49.2974877,1.0
323,-25.6065615,-49.29340542,1.0
324,-25.6065615,-49.28932314,1.0
325,-25.6065615,-49.28524086,1.0
326,-25.6065615,-49.28115858,1.0
327,-25.6065615,-49.2770763,1.0
328,-25.6065615,-49.27299402,1.0
329,-25.6065615,-49.26891174,1.0
330,-25.6065615,-49.26482946,1.0
331,-25.6065615,-49.26074718,1.0
332,-25.6065615,-49.2566649,1.0
333,-25.6065615,-49.25258262,1.0
334,-25.6065615,-49.24850034,1.0
335,-25.6065615,-49.24441806,1.0
336,-25.6065615,-49.24033578,1.0
337,-25.6065615,-49.2362535,1.0
338,-25.6065615,-49.23217122,1.0
339,-25.6065615,-49.22808894,1.0
340,-25.6065615,-49.22400666,1.0
341,-25.6065615,-49.21992438,1.0
342,-25.6065615,-49.2158421,1.0
343,-25.6065615,-49.21175982,1.0
344,-25.6065615,-49.20767754,1.0
345,-25.6065615,-49.20359526,1.0
346,-25.6065615,-49.19951298,1.0
347,-25.6065615,-49.1954307,1.0
348,-25.6065615,-49.19134842,1.0
349,-25.6065615,-49.18726614,1.0
350,-25.6005885,-49.38729786,1.0
351,-25.6005885,-49.38321558,1.0
352,-25.6005885,-49.3791333,1.0
353,-25.6005885,-49.37505102,1.0
354,-25.6005885,-49.37096874,1.0
355,-25.6005885,-49.36688646,1.0
356,-25.6005885,-49.36280418,1.0
357,-25.6005885,-49.3587219,1.0
358,-25.6005885,-49.35463962,1.0
359,-25.6005885,-49.35055734,1.0
360,-25.6005885,-49.34647506,1.0
361,-25.6005885,-49.34239278,1.0
362,-25.6005885,-49.3383105,1.0
363,-25.6005885,-49.33422822,1.0
364,-25.6005885,-49.33014594,1.0
365,-25.6005885,-49.32606366,1.0
366,-25.6005885,-49.32198138,1.0
367,-25.6005885,-49.3178991,1.0
368,-25.6005885,-49.31381682,1.0
369,-25.6005885,-49.30973454,1.0
370,-25.6005885,-49.30565226,1.0
371,-25.6005885,-49.30156998,1.0
372,-25.6005885,-49.2974877,1.0
373,-25.6005885,-49.29340542,1.0
374,-25.6005885,-49.28932314,1.0
375,-25.6005885,-49.28524086,1.0
376,-25.6005885,-49.28115858,1.0
377,-25.6005885,-49.2770763,1.0
378,-25.6005885,-49.27299402,1.0
379,-25.6005885,-49.26891174,1.0
380,-25.6005885,-49.26482946,1.0
381,-25.6005885,-49.26074718,1.0
382,-25.6005885,-49.2566649,1.0
383,-25.6005885,-49.25258262,1.0
384,-25.6005885,-49.24850034,1.0
385,-25.6005885,-49.24441806,1.0
386,-25.6005885,-49.24033578,1.0
387,-25.6005885,-49.2362535,1.0
388,-25.6005885,-49.23217122,1.0
389,-25.6005885,-49.22808894,1.0
390,-25.6005885,-49.22400666,1.0
391,-25.6005885,-49.21992438,1.0
392,-25.6005885,-49.2158421,1.0
393,-25.6005885,-49.21175982,1.0
394,-25.6005885,-49.20767754,1.0
395,-25.6005885,-49.20359526,1.0
396,-25.6005885,-49.19951298,1.0
397,-25.6005885,-49.1954307,1.0
398,-25.6005885,-49.19134842,1.0
399,-25.6005885,-49.18726614,1.0
400,-25.5946155,-49.38729786,1.0
401,-25.5946155,-49.38321558,1.0
402,-25.5946155,-49.3791333,1.0
403,-25.5946155,-49.37505102,1.0
404,-25.5946155,-49.37096874,1.0
405,-25.5946155,-49.36688646,1.0
406,-25.5946155,-49.36280418,1.0
407,-25.5946155,-49.3587219,1.0
408,-25.5946155,-49.35463962,1.0
409,-25.5946155,-49.35055734,1.0
410,-25.5946155,-49.34647506,1.0
411,-25.5946155,-49.34239278,1.0
412,-25.5946155,-49.3383105,1.0
413,-25.5946155,-49.33422822,1.0
414,-25.5946155,-49.33014594,1.0
415,-25.5946155,-49.32606366,1.0
416,-25.5946155,-49.32198138,1.0
417,-25.5946155,-49.3178991,1.0
418,-25.5946155,-49.31381682,1.0
419,-25.5946155,-49.30973454,1.0
420,-25.5946155,-49.30565226,1.0
421,-25.5946155,-49.30156998,1.0
422,-25.5946155,-49.2974877,1.0
423,-25.5946155,-49.29340542,1.0
424,-25.5946155,-49.28932314,1.0
425,-25.5946155,-49.28524086,1.0
426,-25.5946155,-49.28115858,1.0
427,-25.5946155,-49.2770763,1.0
428,-25.5946155,-49.27299402,1.0
429,-25.5946155,-49.26891174,1.0
430,-25.5946155,-49.26482946,1.0
431,-25.5946155,-49.26074718,1.0
432,-25.5946155,-49.2566649,1.0
433,-25.5946155,-49.25258262,1.0
434,-25.5946155,-49.24850034,1.0
435,-25.5946155,-49.24441806,1.0
436,-25.5946155,-49.24033578,1.0
437,-25.5946155,-49.2362535,1.0
438,-25.5946155,-49.23217122,1.0
439,-25.5946155,-49.22808894,1.0
440,-25.5946155,-49.22400666,1.0
441,-25.5946155,-49.21992438,1.0
442,-25.5946155,-49.2158421,1.0
443,-25.5946155,-49.21175982,1.0
444,-25.5946155,-49.20767754,1.0
445,-25.5946155,-49.20359526,1.0
446,-25.5946155,-49.19951298,1.0
447,-25.5946155,-49.1954307,1.0
448,-25.5946155,-49.19134842,1.0
449,-25.5946155,-49.18726614,1.0
450,-25.5886425,-49.38729786,1.0
451,-25.5886425,-49.38321558,1.0
452,-25.5886425,-49.3791333,1.0
453,-25.5886425,-49.37505102,1.0
454,-25.5886425,-49.37096874,1.0
455,-25.5886425,-49.36688646,1.0
456,-25.5886425,-49.36280418,1.0
457,-25.5886425,-49.3587219,1.0
458,-25.5886425,-49.35463962,1.0
459,-25.5886425,-49.35055734,1.0
460,-25.5886425,-49.34647506,1.0
461,-25.5886425,-49.34239278,1.0
462,-25.5886425,-49.3383105,1.0
463,-25.5886425,-49.33422822,1.0
464,-25.5886425,-49.33014594,1.0
465,-25.5886425,-49.32606366,1.0
466,-25.5886425,-49.32198138,1.0
467,-25.5886425,-49.3178991,1.0
468,-25.5886425,-49.31381682,1.0
469,-25.5886425,-49.30973454,1.0
470,-25.5886425,-49.30565226,1.0
471,-25.5886425,-49.30156998,1.0
472,-25.5886425,-49.2974877,1.0
473,-25.5886425,-49.29340542,1.0
474,-25.5886425,-49.28932314,1.0
475,-25.5886425,-49.28524086,1.0
476,-25.5886425,-49.28115858,1.0
477,-25.5886425,-49.2770763,1.0
478,-25.5886425,-49.27299402,1.0
479,-25.5886425,-49.26891174,1.0
480,-25.5886425,-49.26482946,1.0
481,-25.5886425,-49.26074718,1.0
482,-25.5886425,-49.2566649,1.0
483,-25.5886425,-49.25258262,1.0
484,-25.5886425,-49.24850034,1.0
485,-25.5886425,-49.24441806,1.0
486,-25.5886425,-49.24033578,1.0
487,-25.5886425,-49.2362535,1.0
488,-25.5886425,-49.23217122,1.0
489,-25.5886425,-49.22808894,1.0
490,-25.5886425,-49.22400666,1.0
491,-25.5886425,-49.21992438,1.0
492,-25.5886425,-49.2158421,1.0
493,-25.5886425,-49.21175982,1.0
494,-25.5886425,-49.20767754,1.0
495,-25.5886425,-49.20359526,1.0
496,-25.5886425,-49.19951298,1.0
497,-25.5886425,-49.1954307,1.0
498,-25.5886425,-49.19134842,1.0
499,-25.5886425,-49.18726614,1.0
500,-25.5826695,-49.38729786,1.0
501,-25.5826695,-49.38321558,1.0
502,-25.5826695,-49.3791333,1.0
503,-25.5826695,-49.37505102,1.0
504,-25.5826695,-49.37096874,1.0
505,-25.5826695,-49.36688646,1.0
506,-25.5826695,-49.36280418,1.0
507,-25.5826695,-49.3587219,1.0
508,-25.5826695,-49.35463962,1.0
509,-25.5826695,-49.35055734,1.0
510,-25.5826695,-49.34647506,1.0
511,-25.5826695,-49.34239278,1.0
512,-25.5826695,-49.3383105,1.0
513,-25.5826695,-49.33422822,1.0
514,-25.5826695,-49.33014594,1.0
515,-25.5826695,-49.32606366,1.0
516,-25.5826695,-49.32198138,1.0
517,-25.5826695,-49.3178991,1.0
518,-25.5826695,-49.31381682,1.0
519,-25.5826695,-49.30973454,1.0
520,-25.5826695,-49.30565226,1.0
521,-25.5826695,-49.30156998,1.0
522,-25.5826695,-49.2974877,1.0
523,-25.5826695,-49.29340542,1.0
524,-25.5826695,-49.28932314,1.0
525,-25.5826695,-49.28524086,1.0
526,-25.5826695,-49.28115858,1.0
527,-25.5826695,-49.2770763,1.0
528,-25.5826695,-49.27299402,1.0
529,-25.5826695,-49.26891174,1.0
530,-25.5826695,-49.26482946,1.0
531,-25.5826695,-49.26074718,1.0
532,-25.5826695,-49.2566649,1.0
533,-25.5826695,-49.25258262,1.0
534,-25.5826695,-49.24850034,1.0
535,-25.5826695,-49.24441806,1.0
536,-25.5826695,-49.24033578,1.0
537,-25.5826695,-49.2362535,1.0
538,-25.5826695,-49.23217122,1.0
539,-25.5826695,-49.22808894,1.0
540,-25.5826695,-49.22400666,1.0
541,-25.5826695,-49.21992438,1.0
542,-25.5826695,-49.2158421,1.0
543,-25.5826695,-49.21175982,1.0
544,-25.5826695,-49.20767754,1.0
545,-25.5826695,-49.20359526,1.0
546,-25.5826695,-49.19951298,1.0
547,-25.5826695,-49.1954307,1.0
548,-25.5826695,-49.19134842,1.0
549,-25.5826695,-49.18726614,1.0
550,-25.5766965,-49.38729786,1.0
551,-25.5766965,-49.38321558,1.0
552,-25.5766965,-49.3791333,1.0
553,-25.5766965,-49.37505102,1.0
554,-25.5766965,-49.37096874,1.0
555,-25.5766965,-49.36688646,1.0
556,-25.5766965,-49.36280418,1.0
557,-25.5766965,-49.3587219,1.0
558,-25.5766965,-49.35463962,1.0
559,-25.5766965,-49.35055734,1.0
560,-25.5766965,-49.34647506,1.0
561,-25.5766965,-49.34239278,1.0
562,-25.5766965,-49.3383105,1.0
563,-25.5766965,-49.33422822,1.0
564,-25.5766965,-49.33014594,1.0
565,-25.5766965,-49.32606366,1.0
566,-25.5766965,-49.32198138,1.0
567,-25.5766965,-49.3178991,1.0
568,-25.5766965,-49.31381682,1.0
569,-25.5766965,-49.30973454,1.0
570,-25.5766965,-49.30565226,1.0
571,-25.5766965,-49.30156998,1.0
572,-25.5766965,-49.2974877,1.0
573,-25.5766965,-49.29340542,1.0
574,-25.5766965,-49.28932314,1.0
575,-25.5766965,-49.28524086,1.0
576,-25.5766965,-49.28115858,1.0
577,-25.5766965,-49.2770763,1.0
578,-25.5766965,-49.27299402,1.0
579,-25.5766965,-49.26891174,1.0
580,-25.5766965,-49.26482946,1.0
581,-25.5766965,-49.26074718,1.0
582,-25.5766965,-49.2566649,1.0
583,-25.5766965,-49.25258262,1.0
584,-25.5766965,-49.24850034,1.0
585,-25.5766965,-49.24441806,1.0
586,-25.5766965,-49.24033578,1.0
587,-25.5766965,-49.2362535,1.0
588,-25.5766965,-49.23217122,1.0
589,-25.5766965,-49.22808894,1.0
590,-25.5766965,-49.22400666,1.0
591,-25.5766965,-49.21992438,1.0
592,-25.5766965,-49.2158421,1.0
593,-25.5766965,-49.21175982,1.0
594,-25.5766965,-49.20767754,1.0
595,-25.5766965,-49.20359526,1.0
596,-25.5766965,-49.19951298,1.0
597,-25.5766965,-49.1954307,1.0
598,-25.5766965,-49.19134842,1.0
599,-25.5766965,-49.18726614,1.0
600,-25.5707235,-49.38729786,1.0
601,-25.5707235,-49.38321558,1.0
602,-25.5707235,-49.3791333,1.0
603,-25.5707235,-49.37505102,1.0
604,-25.5707235,-49.37096874,1.0
605,-25.5707235,-49.36688646,1.0
606,-25.5707235,-49.36280418,1.0
607,-25.5707235,-49.3587219,1.0
608,-25.5707235,-49.35463962,1.0
609,-25.5707235,-49.35055734,1.0
610,-25.5707235,-49.34647506,1.0
611,-25.5707235,-49.34239278,1.0
612,-25.5707235,-49.3383105,1.0
613,-25.5707235,-49.33422822,1.0
614,-25.5707235,-49.33014594,1.0
615,-25.5707235,-49.32606366,1.0
616,-25.5707235,-49.32198138,1.0
617,-25.5707235,-49.3178991,1.0
618,-25.5707235,-49.31381682,1.0
619,-25.5707235,-49.30973454,1.0
620,-25.5707235,-49.30565226,1.0
621,-25.5707235,-49.30156998,1.0
622,-25.5707235,-49.2974877,1.0
623,-25.5707235,-49.29340542,1.0
624,-25.5707235,-49.28932314,1.0
625,-25.5707235,-49.28524086,1.0
626,-25.5707235,-49.28115858,1.0
627,-25.5707235,-49.2770763,1.0
628,-25.5707235,-49.27299402,1.0
629,-25.5707235,-49.26891174,1.0
630,-25.5707235,-49.26482946,1.0
631,-25.5707235,-49.26074718,1.0
632,-25.5707235,-49.2566649,1.0
633,-25.5707235,-49.25258262,1.0
634,-25.5707235,-49.24850034,1.0
635,-25.5707235,-49.24441806,1.0
636,-25.5707235,-49.24033578,1.0
637,-25.5707235,-49.2362535,1.0
638,-25.5707235,-49.23217122,1.0
639,-25.5707235,-49.22808894,1.0
640,-25.5707235,-49.22400666,1.0
641,-25.5707235,-49.21992438,1.0
642,-25.5707235,-49.2158421,1.0
643,-25.5707235,-49.21175982,1.0
644,-25.5707235,-49.20767754,1.0
645,-25.5707235,-49.20359526,1.0
646,-25.5707235,-49.19951298,1.0
647,-25.5707235,-49.1954307,1.0
648,-25.5707235,-49.19134842,1.0
649,-25.5707235,-49.18726614,1.0
650,-25.5647505,-49.38729786,1.0
651,-25.5647505,-49.38321558,1.0
652,-25.5647505,-49.3791333,1.0
653,-25.5647505,-49.37505102,1.0
654,-25.5647505,-49.37096874,1.0
655,-25.5647505,-49.36688646,1.0
656,-25.5647505,-49.36280418,1.0
657,-25.5647505,-49.3587219,1.0
658,-25.5647505,-49.35463962,1.0
659,-25.5647505,-49.35055734,1.0
660,-25.5647505,-49.34647506,1.0
661,-25.5647505,-49.34239278,1.0
662,-25.5647505,-49.3383105,1.0
663,-25.5647505,-49.33422822,1.0
664,-25.5647505,-49.33014594,1.0
665,-25.5647505,-49.32606366,1.0
666,-25.5647505,-49.32198138,1.0
667,-25.5647505,-49.3178991,1.0
668,-25.5647505,-49.31381682,1.0
669,-25.5647505,-49.30973454,1.0
670,-25.5647505,-49.30565226,1.0
671,-25.5647505,-49.30156998,1.0
672,-25.5647505,-49.2974877,1.0
673,-25.5647505,-49.29340542,1.0
674,-25.5647505,-49.28932314,1.0
675,-25.5647505,-49.28524086,1.0
676,-25.5647505,-49.28115858,1.0
677,-25.5647505,-49.2770763,1.0
678,-25.5647505,-49.27299402,1.0
679,-25.5647505,-49.26891174,1.0
680,-25.5647505,-49.26482946,1.0
681,-25.5647505,-49.26074718,1.0
682,-25.5647505,-49.2566649,1.0
683,-25.5647505,-49.25258262,1.0
684,-25.5647505,-49.24850034,1.0
685,-25.5647505,-49.24441806,1.0
686,-25.5647505,-49.24033578,1.0
687,-25.5647505,-49.2362535,1.0
688,-25.5647505,-49.23217122,1.0
689,-25.5647505,-49.22808894,1.0
690,-25.5647505,-49.22400666,1.0
691,-25.5647505,-49.21992438,1.0
692,-25.5647505,-49.2158421,1.0
693,-25.5647505,-49.21175982,1.0
694,-25.5647505,-49.20767754,1.0
695,-25.5647505,-49.20359526,1.0
696,-25.5647505,-49.19951298,1.0
697,-25.5647505,-49.1954307,1.0
698,-25.5647505,-49.19134842,1.0
699,-25.5647505,-49.18726614,1.0
700,-25.5587775,-49.38729786,1.0
701,-25.5587775,-49.38321558,1.0
702,-25.5587775,-49.3791333,1.0
703,-25.5587775,-49.37505102,1.0
704,-25.5587775,-49.37096874,1.0
705,-25.5587775,-49.36688646,1.0
706,-25.5587775,-49.36280418,1.0
707,-25.5587775,-49.3587219,1.0
708,-25.5587775,-49.35463962,1.0
709,-25.5587775,-49.35055734,1.0
710,-25.5587775,-49.34647506,1.0
711,-25.5587775,-49.34239278,1.0
712,-25.5587775,-49.3383105,1.0
713,-25.5587775,-49.33422822,1.0
714,-25.5587775,-49.33014594,1.0
715,-25.5587775,-49.32606366,1.0
716,-25.5587775,-49.32198138,1.0
717,-25.5587775,-49.3178991,1.0
718,-25.5587775,-49.31381682,1.0
719,-25.5587775,-49.30973454,1.0
720,-25.5587775,-49.30565226,1.0
721,-25.5587775,-49.30156998,1.0
722,-25.5587775,-49.2974877,1.0
723,-25.5587775,-49.29340542,1.0
724,-25.5587775,-49.28932314,1.0
725,-25.5587775,-49.28524086,1.0
726,-25.5587775,-49.28115858,1.0
727,-25.5587775,-49.2770763,1.0
728,-25.5587775,-49.27299402,1.0
729,-25.5587775,-49.26891174,1.0
730,-25.5587775,-49.26482946,1.0
731,-25.5587775,-49.26074718,1.0
732,-25.5587775,-49.2566649,1.0
733,-25.5587775,-49.25258262,1.0
734,-25.5587775,-49.24850034,1.0
735,-25.5587775,-49.24441806,1.0
736,-25.5587775,-49.24033578,1.0
737,-25.5587775,-49.2362535,1.0
738,-25.5587775,-49.23217122,1.0
739,-25.5587775,-49.22808894,1.0
740,-25.5587775,-49.22400666,1.0
741,-25.5587775,-49.21992438,1.0
742,-25.5587775,-49.2158421,1.0
743,-25.5587775,-49.21175982,1.0
744,-25.5587775,-49.20767754,1.0
745,-25.5587775,-49.20359526,1.0
746,-25.5587775,-49.19951298,1.0
747,-25.5587775,-49.1954307,1.0
748,-25.5587775,-49.19134842,1.0
749,-25.5587775,-49.18726614,1.0
750,-25.5528045,-49.38729786,1.0
751,-25.5528045,-49.38321558,1.0
752,-25.5528045,-49.3791333,1.0
753,-25.5528045,-49.37505102,1.0
754,-25.5528045,-49.37096874,1.0
755,-25.5528045,-49.36688646,1.0
756,-25.5528045,-49.36280418,1.0
757,-25.5528045,-49.3587219,1.0
758,-25.5528045,-49.35463962,1.0
759,-25.5528045,-49.35055734,1.0
760,-25.5528045,-49.34647506,1.0
761,-25.5528045,-49.34239278,1.0
762,-25.5528045,-49.3383105,1.0
763,-25.5528045,-49.33422822,1.0
764,-25.5528045,-49.33014594,1.0
765,-25.5528045,-49.32606366,1.0
766,-25.5528045,-49.32198138,1.0
767,-25.5528045,-49.3178991,1.0
768,-25.5528045,-49.31381682,1.0
769,-25.5528045,-49.30973454,1.0
770,-25.5528045,-49.30565226,1.0
771,-25.5528045,-49.30156998,1.0
772,-25.5528045,-49.2974877,1.0
773,-25.5528045,-49.29340542,1.0
774,-25.5528045,-49.28932314,1.0
775,-25.5528045,-49.28524086,1.0
776,-25.5528045,-49.28115858,1.0
777,-25.5528045,-49.2770763,1.0
778,-25.5528045,-49.27299402,1.0
779,-25.5528045,-49.26891174,1.0
780,-25.5528045,-49.26482946,1.0
781,-25.5528045,-49.26074718,1.0
782,-25.5528045,-49.2566649,1.0
783,-25.5528045,-49.25258262,1.0
784,-25.5528045,-49.24850034,1.0
785,-25.5528045,-49.24441806,1.0
786,-25.5528045,-49.24033578,1.0
787,-25.5528045,-49.2362535,1.0
788,-25.5528045,-49.23217122,1.0
789,-25.5528045,-49.22808894,1.0
790,-25.5528045,-49.22400666,1.0
791,-25.5528045,-49.21992438,1.0
792,-25.5528045,-49.2158421,1.0
793,-25.5528045,-49.21175982,1.0
794,-25.5528045,-49.20767754,1.0
795,-25.5528045,-49.20359526,1.0
796,-25.5528045,-49.19951298,1.0
797,-25.5528045,-49.1954307,1.0
798,-25.5528045,-49.19134842,1.0
799,-25.5528045,-49.18726614,1.0
800,-25.5468315,-49.38729786,1.0
801,-25.5468315,-49.38321558,1.0
802,-25.5468315,-49.3791333,1.0
803,-25.5468315,-49.37505102,1.0
804,-25.5468315,-49.37096874,1.0
805,-25.5468315,-49.36688646,1.0
806,-25.5468315,-49.36280418,1.0
807,-25.5468315,-49.3587219,1.0
808,-25.5468315,-49.35463962,1.0
809,-25.5468315,-49.35055734,1.0
810,-25.5468315,-49.34647506,1.0
811,-25.5468315,-49.34239278,1.0
812,-25.5468315,-49.3383105,1.0
813,-25.5468315,-49.33422822,1.0
814,-25.5468315,-49.33014594,1.0
815,-25.5468315,-49.32606366,1.0
816,-25.5468315,-49.32198138,1.0
817,-25.5468315,-49.3178991,1.0
818,-25.5468315,-49.31381682,1.0
819,-25.5468315,-49.30973454,1.0
820,-25.5468315,-49.30565226,1.0
821,-25.5468315,-49.30156998,1.0
822,-25.5468315,-49.2974877,1.0
823,-25.5468315,-49.29340542,1.0
824,-25.5468315,-49.28932314,1.0
825,-25.5468315,-49.28524086,1.0
826,-25.5468315,-49.28115858,1.0
827,-25.5468315,-49.2770763,1.0
828,-25.5468315,-49.27299402,1.0
829,-25.5468315,-49.26891174,1.0
830,-25.5468315,-49.26482946,1.0
831,-25.5468315,-49.26074718,1.0
832,-25.5468315,-49.2566649,1.0
833,-25.5468315,-49.25258262,1.0
834,-25.5468315,-49.24850034,1.0
835,-25.5468315,-49.24441806,1.0
836,-25.5468315,-49.24033578,1.0
837,-25.5468315,-49.2362535,1.0
838,-25.5468315,-49.23217122,1.0
839,-25.5468315,-49.22808894,1.0
840,-25.5468315,-49.22400666,1.0
841,-25.5468315,-49.21992438,1.0
842,-25.5468315,-49.2158421,1.0
843,-25.5468315,-49.21175982,1.0
844,-25.5468315,-49.20767754,1.0
845,-25.5468315,-49.20359526,1.0
846,-25.5468315,-49.19951298,1.0
847,-25.5468315,-49.1954307,1.0
848,-25.5468315,-49.19134842,1.0
849,-25.5468315,-49.18726614,1.0
850,-25.5408585,-49.38729786,1.0
851,-25.5408585,-49.38321558,1.0
852,-25.5408585,-49.3791333,1.0
853,-25.5408585,-49.37505102,1.0
854,-25.5408585,-49.37096874,1.0
855,-25.5408585,-49.36688646,1.0
856,-25.5408585,-49.36280418,1.0
857,-25.5408585,-49.3587219,1.0
858,-25.5408585,-49.35463962,1.0
859,-25.5408585,-49.35055734,1.0
860,-25.5408585,-49.34647506,1.0
861,-25.5408585,-49.34239278,1.0
862,-25.5408585,-49.3383105,1.0
863,-25.5408585,-49.33422822,1.0
864,-25.5408585,-49.33014594,1.0
865,-25.5408585,-49.32606366,1.0
866,-25.5408585,-49.32198138,1.0
867,-25.5408585,-49.3178991,1.0
868,-25.5408585,-49.31381682,1.0
869,-25.5408585,-49.30973454,1.0
870,-25.5408585,-49.30565226,1.0
871,-25.5408585,-49.30156998,1.0
872,-25.5408585,-49.2974877,1.0
873,-25.5408585,-49.29340542,1.0
874,-25.5408585,-49.28932314,1.0
875,-25.5408585,-49.28524086,1.0
876,-25.5408585,-49.28115858,1.0
877,-25.5408585,-49.2770763,1.0
878,-25.5408585,-49.27299402,1.0
879,-25.5408585,-49.26891174,1.0
880,-25.5408585,-49.26482946,1.0
881,-25.5408585,-49.26074718,1.0
882,-25.5408585,-49.2566649,1.0
883,-25.5408585,-49.25258262,1.0
884,-25.5408585,-49.24850034,1.0
885,-25.5408585,-49.24441806,1.0
886,-25.5408585,-49.24033578,1.0
887,-25.5408585,-49.2362535,1.0
888,-25.5408585,-49.23217122,1.0
889,-25.5408585,-49.22808894,1.0
890,-25.5408585,-49.22400666,1.0
891,-25.5408585,-49.21992438,1.0
892,-25.5408585,-49.2158421,1.0
893,-25.5408585,-49.21175982,1.0
894,-25.5408585,-49.20767754,1.0
895,-25.5408585,-49.20359526,1.0
896,-25.5408585,-49.19951298,1.0
897,-25.5408585,-49.1954307,1.0
898,-25.5408585,-49.19134842,1.0
899,-25.5408585,-49.18726614,1.0
900,-25.5348855,-49.38729786,1.0
901,-25.5348855,-49.38321558,1.0
902,-25.5348855,-49.3791333,1.0
903,-25.5348855,-49.37505102,1.0
904,-25.5348855,-49.37096874,1.0
905,-25.5348855,-49.36688646,1.0
906,-25.5348855,-49.36280418,1.0
907,-25.5348855,-49.3587219,1.0
908,-25.5348855,-49.35463962,1.0
909,-25.5348855,-49.35055734,1.0
910,-25.5348855,-49.34647506,1.0
911,-25.5348855,-49.34239278,1.0
912,-25.5348855,-49.3383105,1.0
913,-25.5348855,-49.33422822,1.0
914,-25.5348855,-49.33014594,1.0
915,-25.5348855,-49.32606366,1.0
916,-25.5348855,-49.32198138,1.0
917,-25.5348855,-49.3178991,1.0
918,-25.5348855,-49.31381682,1.0
919,-25.5348855,-49.30973454,1.0
920,-25.5348855,-49.30565226,1.0
921,-25.5348855,-49.30156998,1.0
922,-25.5348855,-49.2974877,1.0
923,-25.5348855,-49.29340542,1.0
924,-25.5348855,-49.28932314,1.0
925,-25.5348855,-49.28524086,1.0
926,-25.5348855,-49.28115858,1.0
927,-25.5348855,-49.2770763,1.0
928,-25.5348855,-49.27299402,1.0
929,-25.5348855,-49.26891174,1.0
930,-25.5348855,-49.26482946,1.0
931,-25.5348855,-49.26074718,1.0
932,-25.5348855,-49.2566649,1.0
933,-25.5348855,-49.25258262,1.0
934,-25.5348855,-49.24850034,1.0
935,-25.5348855,-49.24441806,1.0
936,-25.5348855,-49.24033578,1.0
937,-25.5348855,-49.2362535,1.0
938,-25.5348855,-49.23217122,1.0
939,-25.5348855,-49.22808894,1.0
940,-25.5348855,-49.22400666,1.0
941,-25.5348855,-49.21992438,1.0
942,-25.5348855,-49.2158421,1.0
943,-25.5348855,-49.21175982,1.0
944,-25.5348855,-49.20767754,1.0
945,-25.5348855,-49.20359526,1.0
946,-25.5348855,-49.19951298,1.0
947,-25.5348855,-49.1954307,1.0
948,-25.5348855,-49.19134842,1.0
949,-25.5348855,-49.18726614,1.0
950,-25.5289125,-49.38729786,1.0
951,-25.5289125,-49.38321558,1.0
952,-25.5289125,-49.3791333,1.0
953,-25.5289125,-49.37505102,1.0
954,-25.5289125,-49.37096874,1.0
955,-25.5289125,-49.36688646,1.0
956,-25.5289125,-49.36280418,1.0
957,-25.5289125,-49.3587219,1.0
958,-25.5289125,-49.35463962,1.0
959,-25.5289125,-49.35055734,1.0
960,-25.5289125,-49.34647506,1.0
961,-25.5289125,-49.34239278,1.0
962,-25.5289125,-49.3383105,1.0
963,-25.5289125,-49.33422822,1.0
964,-25.5289125,-49.33014594,1.0
965,-25.5289125,-49.32606366,1.0
966,-25.5289125,-49.32198138,1.0
967,-25.5289125,-49.3178991,1.0
968,-25.5289125,-49.31381682,1.0
969,-25.5289125,-49.30973454,1.0
970,-25.5289125,-49.30565226,1.0
971,-25.5289125,-49.30156998,1.0
972,-25.5289125,-49.2974877,1.0
973,-25.5289125,-49.29340542,1.0
974,-25.5289125,-49.28932314,1.0
975,-25.5289125,-49.28524086,1.0
976,-25.5289125,-49.28115858,1.0
977,-25.5289125,-49.2770763,1.0
978,-25.5289125,-49.27299402,1.0
979,-25.5289125,-49.26891174,1.0
980,-25.5289125,-49.26482946,1.0
981,-25.5289125,-49.26074718,1.0
982,-25.5289125,-49.2566649,1.0
983,-25.5289125,-49.25258262,1.0
984,-25.5289125,-49.24850034,1.0
985,-25.5289125,-49.24441806,1.0
986,-25.5289125,-49.24033578,1.0
987,-25.5289125,-49.2362535,1.0
988,-25.5289125,-49.23217122,1.0
989,-25.5289125,-49.22808894,1.0
990,-25.5289125,-49.22400666,1.0
991,-25.5289125,-49.21992438,1.0
992,-25.5289125,-49.2158421,1.0
993,-25.5289125,-49.21175982,1.0
994,-25.5289125,-49.20767754,1.0
995,-25.5289125,-49.20359526,1.0
996,-25.5289125,-49.19951298,1.0
997,-25.5289125,-49.1954307,1.0
998,-25.5289125,-49.19134842,1.0
999,-25.5289125,-49.18726614,1.0
1000,-25.5229395,-49.38729786,1.0
1001,-25.5229395,-49.38321558,1.0
1002,-25.5229395,-49.3791333,1.0
1003,-25.5229395,-49.37505102,1.0
1004,-25.5229395,-49.37096874,1.0
1005,-25.5229395,-49.36688646,1.0
1006,-25.5229395,-49.36280418,1.0
1007,-25.5229395,-49.3587219,1.0
1008,-25.5229395,-49.35463962,1.0
1009,-25.5229395,-49.35055734,1.0
1010,-25.5229395,-49.34647506,1.0
1011,-25.5229395,-49.34239278,1.0
1012,-25.5229395,-49.3383105,1.0
1013,-25.5229395,-49.33422822,1.0
1014,-25.5229395,-49.33014594,1.0
1015,-25.5229395,-49.32606366,1.0
1016,-25.5229395,-49.32198138,1.0
1017,-25.5229395,-49.3178991,1.0
1018,-25.5229395,-49.31381682,1.0
1019,-25.5229395,-49.30973454,1.0
1020,-25.5229395,-49.30565226,1.0
1021,-25.5229395,-49.30156998,1.0
1022,-25.5229395,-49.2974877,1.0
1023,-25.5229395,-49.29340542,1.0
1024,-25.5229395,-49.28932314,1.0
1025,-25.5229395,-49.28524086,1.0
1026,-25.5229395,-49.28115858,1.0
1027,-25.5229395,-49.2770763,1.0
1028,-25.5229395,-49.27299402,1.0
1029,-25.5229395,-49.26891174,1.0
1030,-25.5229395,-49.26482946,1.0
1031,-25.5229395,-49.26074718,1.0
1032,-25.5229395,-49.2566649,1.0
1033,-25.5229395,-49.25258262,1.0
1034,-25.5229395,-49.24850034,1.0
1035,-25.5229395,-49.24441806,1.0
1036,-25.5229395,-49.24033578,1.0
1037,-25.5229395,-49.2362535,1.0
1038,-25.5229395,-49.23217122,1.0
1039,-25.5229395,-49.22808894,1.0
1040,-25.5229395,-49.22400666,1.0
1041,-25.5229395,-49.21992438,1.0
1042,-25.5229395,-49.2158421,1.0
1043,-25.5229395,-49.21175982,1.0
1044,-25.5229395,-49.20767754,1.0
1045,-25.5229395,-49.20359526,1.0
1046,-25.5229395,-49.19951298,1.0
1047,-25.5229395,-49.1954307,1.0
1048,-25.5229395,-49.19134842,1.0
1049,-25.5229395,-49.18726614,1.0
1050,-25.5169665,-49.38729786,1.0
1051,-25.5169665,-49.38321558,1.0
1052,-25.5169665,-49.3791333,1.0
1053,-25.5169665,-49.37505102,1.0
1054,-25.5169665,-49.37096874,1.0
1055,-25.5169665,-49.36688646,1.0
1056,-25.5169665,-49.36280418,1.0
1057,-25.5169665,-49.3587219,1.0
1058,-25.5169665,-49.35463962,1.0
1059,-25.5169665,-49.35055734,1.0
1060,-25.5169665,-49.34647506,1.0
1061,-25.5169665,-49.34239278,1.0
1062,-25.5169665,-49.3383105,1.0
1063,-25.5169665,-49.33422822,1.0
1064,-25.5169665,-49.33014594,1.0
1065,-25.5169665,-49.32606366,1.0
1066,-25.5169665,-49.32198138,1.0
1067,-25.5169665,-49.3178991,1.0
1068,-25.5169665,-49.31381682,1.0
1069,-25.5169665,-49.30973454,1.0
1070,-25.5169665,-49.30565226,1.0
1071,-25.5169665,-49.30156998,1.0
1072,-25.5169665,-49.2974877,1.0
1073,-25.5169665,-49.29340542,1.0
1074,-25.5169665,-49.28932314,1.0
1075,-25.5169665,-49.28524086,1.0
1076,-25.5169665,-49.28115858,1.0
1077,-25.5169665,-49.2770763,1.0
1078,-25.5169665,-49.27299402,1.0
1079,-25.5169665,-49.26891174,1.0
1080,-25.5169665,-49.26482946,1.0
1081,-25.5169665,-49.26074718,1.0
1082,-25.5169665,-49.2566649,1.0
1083,-25.5169665,-49.25258262,1.0
1084,-25.5169665,-49.24850034,1.0
1085,-25.5169665,-49.24441806,1.0
1086,-25.5169665,-49.24033578,1.0
1087,-25.5169665,-49.2362535,1.0
1088,-25.5169665,-49.23217122,1.0
1089,-25.5169665,-49.22808894,1.0
1090,-25.5169665,-49.22400666,1.0
1091,-25.5169665,-49.21992438,1.0
1092,-25.5169665,-49.2158421,1.0
1093,-25.5169665,-49.21175982,1.0
1094,-25.5169665,-49.20767754,1.0
1095,-25.5169665,-49.20359526,1.0
1096,-25.5169665,-49.19951298,1.0
1097,-25.5169665,-49.1954307,1.0
1098,-25.5169665,-49.19134842,1.0
1099,-25.5169665,-49.18726614,1.0
1100,-25.5109935,-49.38729786,1.0
1101,-25.5109935,-49.38321558,1.0
1102,-25.5109935,-49.3791333,1.0
1103,-25.5109935,-49.37505102,1.0
1104,-25.5109935,-49.37096874,1.0
1105,-25.5109935,-49.36688646,1.0
1106,-25.5109935,-49.36280418,1.0
1107,-25.5109935,-49.3587219,1.0
1108,-25.5109935,-49.35463962,1.0
1109,-25.5109935,-49.35055734,1.0
1110,-25.5109935,-49.34647506,1.0
1111,-25.5109935,-49.34239278,1.0
1112,-25.5109935,-49.3383105,1.0
1113,-25.5109935,-49.33422822,1.0
1114,-25.5109935,-49.33014594,1.0
1115,-25.5109935,-49.32606366,1.0
1116,-25.5109935,-49.32198138,1.0
1117,-25.5109935,-49.3178991,1.0
1118,-25.5109935,-49.31381682,1.0
1119,-25.5109935,-49.30973454,1.0
1120,-25.5109935,-49.30565226,1.0
1121,-25.5109935,-49.30156998,1.0
1122,-25.5109935,-49.2974877,1.0
1123,-25.5109935,-49.29340542,1.0
1124,-25.5109935,-49.28932314,1.0
1125,-25.5109935,-49.28524086,1.0
1126,-25.5109935,-49.28115858,1.0
1127,-25.5109935,-49.2770763,1.0
1128,-25.5109935,-49.27299402,1.0
1129,-25.5109935,-49.26891174,1.0
1130,-25.5109935,-49.26482946,1.0
1131,-25.5109935,-49.26074718,1.0
1132,-25.5109935,-49.2566649,1.0
1133,-25.5109935,-49.25258262,1.0
1134,-25.5109935,-49.24850034,1.0
1135,-25.5109935,-49.24441806,1.0
1136,-25.5109935,-49.24033578,1.0
1137,-25.5109935,-49.2362535,1.0
1138,-25.5109935,-49.23217122,1.0
1139,-25.5109935,-49.22808894,1.0
1140,-25.5109935,-49.22400666,1.0
1141,-25.5109935,-49.21992438,1.0
1142,-25.5109935,-49.2158421,1.0
1143,-25.5109935,-49.21175982,1.0
1144,-25.5109935,-49.20767754,1.0
1145,-25.5109935,-49.20359526,1.0
1146,-25.5109935,-49.19951298,1.0
1147,-25.5109935,-49.1954307,1.0
1148,-25.5109935,-49.19134842,1.0
1149,-25.5109935,-49.18726614,1.0
1150,-25.5050205,-49.38729786,1.0
1151,-25.5050205,-49.38321558,1.0
1152,-25.5050205,-49.3791333,1.0
1153,-25.5050205,-49.37505102,1.0
1154,-25.5050205,-49.37096874,1.0
1155,-25.5050205,-49.36688646,1.0
1156,-25.5050205,-49.36280418,1.0
1157,-25.5050205,-49.3587219,1.0
1158,-25.5050205,-49.35463962,1.0
1159,-25.5050205,-49.35055734,1.0
1160,-25.5050205,-49.34647506,1.0
1161,-25.5050205,-49.34239278,1.0
1162,-25.5050205,-49.3383105,1.0
1163,-25.5050205,-49.33422822,1.0
1164,-25.5050205,-49.33014594,1.0
1165,-25.5050205,-49.32606366,1.0
1166,-25.5050205,-49.32198138,1.0
1167,-25.5050205,-49.3178991,1.0
1168,-25.5050205,-49.31381682,1.0
1169,-25.5050205,-49.30973454,1.0
1170,-25.5050205,-49.30565226,1.0
1171,-25.5050205,-49.30156998,1.0
1172,-25.5050205,-49.2974877,1.0
1173,-25.5050205,-49.29340542,1.0
1174,-25.5050205,-49.28932314,1.0
1175,-25.5050205,-49.28524086,1.0
1176,-25.5050205,-49.28115858,1.0
1177,-25.5050205,-49.2770763,1.0
1178,-25.5050205,-49.27299402,1.0
1179,-25.5050205,-49.26891174,1.0
1180,-25.5050205,-49.26482946,1.0
1181,-25.5050205,-49.26074718,1.0
1182,-25.5050205,-49.2566649,1.0
1183,-25.5050205,-49.25258262,1.0
1184,-25.5050205,-49.24850034,1.0
1185,-25.5050205,-49.24441806,1.0
1186,-25.5050205,-49.24033578,1.0
1187,-25.5050205,-49.2362535,1.0
1188,-25.5050205,-49.23217122,1.0
1189,-25.5050205,-49.22808894,1.0
1190,-25.5050205,-49.22400666,1.0
1191,-25.5050205,-49.21992438,1.0
1192,-25.5050205,-49.2158421,1.0
1193,-25.5050205,-49.21175982,1.0
1194,-25.5050205,-49.20767754,1.0
1195,-25.5050205,-49.20359526,1.0
1196,-25.5050205,-49.19951298,1.0
1197,-25.5050205,-49.1954307,1.0
1198,-25.5050205,-49.19134842,1.0
1199,-25.5050205,-49.18726614,1.0
1200,-25.4990475,-49.38729786,1.0
1201,-25.4990475,-49.38321558,1.0
1202,-25.4990475,-49.3791333,1.0
1203,-25.4990475,-49.37505102,1.0
1204,-25.4990475,-49.37096874,1.0
1205,-25.4990475,-49.36688646,1.0
1206,-25.4990475,-49.36280418,1.0
1207,-25.4990475,-49.3587219,1.0
1208,-25.4990475,-49.35463962,1.0
1209,-25.4990475,-49.35055734,1.0
1210,-25.4990475,-49.34647506,1.0
1211,-25.4990475,-49.34239278,1.0
1212,-25.4990475,-49.3383105,1.0
1213,-25.4990475,-49.33422822,1.0
1214,-25.4990475,-49.33014594,1.0
1215,-25.4990475,-49.32606366,1.0
1216,-25.4990475,-49.32198138,1.0
1217,-25.4990475,-49.3178991,1.0
1218,-25.4990475,-49.31381682,1.0
1219,-25.4990475,-49.30973454,1.0
1220,-25.4990475,-49.30565226,1.0
1221,-25.4990475,-49.30156998,1.0
1222,-25.4990475,-49.2974877,1.0
1223,-25.4990475,-49.29340542,1.0
1224,-25.4990475,-49.28932314,1.0
1225,-25.4990475,-49.28524086,1.0
1226,-25.4990475,-49.28115858,1.0
1227,-25.4990475,-49.2770763,1.0
1228,-25.4990475,-49.27299402,1.0
1229,-25.4990475,-49.26891174,1.0
1230,-25.4990475,-49.26482946,1.0
1231,-25.4990475,-49.26074718,1.0
1232,-25.4990475,-49.2566649,1.0
1233,-25.4990475,-49.25258262,1.0
1234,-25.4990475,-49.24850034,1.0
1235,-25.4990475,-49.24441806,1.0
1236,-25.4990475,-49.24033578,1.0
1237,-25.4990475,-49.2362535,1.0
1238,-25.4990475,-49.23217122,1.0
1239,-25.4990475,-49.22808894,1.0
1240,-25.4990475,-49.22400666,1.0
1241,-25.4990475,-49.21992438,1.0
1242,-25.4990475,-49.2158421,1.0
1243,-25.4990475,-49.21175982,1.0
1244,-25.4990475,-49.20767754,1.0
1245,-25.4990475,-49.20359526,1.0
1246,-25.4990475,-49.19951298,1.0
1247,-25.4990475,-49.1954307,1.0
1248,-25.4990475,-49.19134842,1.0
1249,-25.4990475,-49.18726614,1.0
1250,-25.4930745,-49.38729786,1.0
1251,-25.4930745,-49.38321558,1.0
1252,-25.4930745,-49.3791333,1.0
1253,-25.4930745,-49.37505102,1.0
1254,-25.4930745,-49.37096874,1.0
1255,-25.4930745,-49.36688646,1.0
1256,-25.4930745,-49.36280418,1.0
1257,-25.4930745,-49.3587219,1.0
1258,-25.4930745,-49.35463962,1.0
1259,-25.4930745,-49.35055734,1.0
1260,-25.4930745,-49.34647506,1.0
1261,-25.4930745,-49.34239278,1.0
1262,-25.4930745,-49.3383105,1.0
1263,-25.4930745,-49.33422822,1.0
1264,-25.4930745,-49.33014594,1.0
1265,-25.4930745,-49.32606366,1.0
1266,-25.4930745,-49.32198138,1.0
1267,-25.4930745,-49.3178991,1.0
1268,-25.4930745,-49.31381682,1.0
1269,-25.4930745,-49.30973454,1.0
1270,-25.4930745,-49.30565226,1.0
1271,-25.4930745,-49.30156998,1.0
1272,-25.4930745,-49.2974877,1.0
1273,-25.4930745,-49.29340542,1.0
1274,-25.4930745,-49.28932314,1.0
1275,-25.4930745,-49.28524086,1.0
1276,-25.4930745,-49.28115858,1.0
1277,-25.4930745,-49.2770763,1.0
1278,-25.4930745,-49.27299402,1.0
1279,-25.4930745,-49.26891174,1.0
1280,-25.4930745,-49.26482946,1.0
1281,-25.4930745,-49.26074718,1.0
1282,-25.4930745,-49.2566649,1.0
1283,-25.4930745,-49.25258262,1.0
1284,-25.4930745,-49.24850034,1.0
1285,-25.4930745,-49.24441806,1.0
1286,-25.4930745,-49.24033578,1.0
1287,-25.4930745,-49.2362535,1.0
1288,-25.4930745,-49.23217122,1.0
1289,-25.4930745,-49.22808894,1.0
1290,-25.4930745,-49.22400666,1.0
1291,-25.4930745,-49.21992438,1.0
1292,-25.4930745,-49.2158421,1.0
1293,-25.4930745,-49.21175982,1.0
1294,-25.4930745,-49.20767754,1.0
1295,-25.4930745,-49.20359526,1.0
1296,-25.4930745,-49.19951298,1.0
1297,-25.4930745,-49.1954307,1.0
1298,-25.4930745,-49.19134842,1.0
1299,-25.4930745,-49.18726614,1.0
1300,-25.4871015,-49.38729786,1.0
1301,-25.4871015,-49.38321558,1.0
1302,-25.4871015,-49.3791333,1.0
1303,-25.4871015,-49.37505102,1.0
1304,-25.4871015,-49.37096874,1.0
1305,-25.4871015,-49.36688646,1.0
1306,-25.4871015,-49.36280418,1.0
1307,-25.4871015,-49.3587219,1.0
1308,-25.4871015,-49.35463962,1.0
1309,-25.4871015,-49.35055734,1.0
1310,-25.4871015,-49.34647506,1.0
1311,-25.4871015,-49.34239278,1.0
1312,-25.4871015,-49.3383105,1.0
1313,-25.4871015,-49.33422822,1.0
1314,-25.4871015,-49.33014594,1.0
1315,-25.4871015,-49.32606366,1.0
1316,-25.4871015,-49.32198138,1.0
1317,-25.4871015,-49.3178991,1.0
1318,-25.4871015,-49.31381682,1.0
1319,-25.4871015,-49.30973454,1.0
1320,-25.4871015,-49.30565226,1.0
1321,-25.4871015,-49.30156998,1.0
1322,-25.4871015,-49.2974877,1.0
1323,-25.4871015,-49.29340542,1.0
1324,-25.4871015,-49.28932314,1.0
1325,-25.4871015,-49.28524086,1.0
1326,-25.4871015,-49.28115858,1.0
1327,-25.4871015,-49.2770763,1.0
1328,-25.4871015,-49.27299402,1.0
1329,-25.4871015,-49.26891174,1.0
1330,-25.4871015,-49.26482946,1.0
1331,-25.4871015,-49.26074718,1.0
1332,-25.4871015,-49.2566649,1.0
1333,-25.4871015,-49.25258262,1.0
1334,-25.4871015,-49.24850034,1.0
1335,-25.4871015,-49.24441806,1.0
1336,-25.4871015,-49.24033578,1.0
1337,-25.4871015,-49.2362535,1.0
1338,-25.4871015,-49.23217122,1.0
1339,-25.4871015,-49.22808894,1.0
1340,-25.4871015,-49.22400666,1.0
1341,-25.4871015,-49.21992438,1.0
1342,-25.4871015,-49.2158421,1.0
1343,-25.4871015,-49.21175982,1.0
1344,-25.4871015,-49.20767754,1.0
1345,-25.4871015,-49.20359526,1.0
1346,-25.4871015,-49.19951298,1.0
1347,-25.4871015,-49.1954307,1.0
1348,-25.4871015,-49.19134842,1.0
1349,-25.4871015,-49.18726614,1.0
1350,-25.4811285,-49.38729786,1.0
1351,-25.4811285,-49.38321558,1.0
1352,-25.4811285,-49.3791333,1.0
1353,-25.4811285,-49.37505102,1.0
1354,-25.4811285,-49.37096874,1.0
1355,-25.4811285,-49.36688646,1.0
1356,-25.4811285,-49.36280418,1.0
1357,-25.4811285,-49.3587219,1.0
1358,-25.4811285,-49.35463962,1.0
1359,-25.4811285,-49.35055734,1.0
1360,-25.4811285,-49.34647506,1.0
1361,-25.4811285,-49.34239278,1.0
1362,-25.4811285,-49.3383105,1.0
1363,-25.4811285,-49.33422822,1.0
1364,-25.4811285,-49.33014594,1.0
1365,-25.4811285,-49.32606366,1.0
1366,-25.4811285,-49.32198138,1.0
1367,-25.4811285,-49.3178991,1.0
1368,-25.4811285,-49.31381682,1.0
1369,-25.4811285,-49.30973454,1.0
1370,-25.4811285,-49.30565226,1.0
1371,-25.4811285,-49.30156998,1.0
1372,-25.4811285,-49.2974877,1.0
1373,-25.4811285,-49.29340542,1.0
1374,-25.4811285,-49.28932314,1.0
1375,-25.4811285,-49.28524086,1.0
1376,-25.4811285,-49.28115858,1.0
1377,-25.4811285,-49.2770763,1.0
1378,-25.4811285,-49.27299402,1.0
1379,-25.4811285,-49.26891174,1.0
1380,-25.4811285,-49.26482946,1.0
1381,-25.4811285,-49.26074718,1.0
1382,-25.4811285,-49.2566649,1.0
1383,-25.4811285,-49.25258262,1.0
1384,-25.4811285,-49.24850034,1.0
1385,-25.4811285,-49.24441806,1.0
1386,-25.4811285,-49.24033578,1.0
1387,-25.4811285,-49.2362535,1.0
1388,-25.4811285,-49.23217122,1.0
1389,-25.4811285,-49.22808894,1.0
1390,-25.4811285,-49.22400666,1.0
1391,-25.4811285,-49.21992438,1.0
1392,-25.4811285,-49.2158421,1.0
1393,-25.4811285,-49.21175982,1.0
1394,-25.4811285,-49.20767754,1.0
1395,-25.4811285,-49.20359526,1.0
1396,-25.4811285,-49.19951298,1.0
1397,-25.4811285,-49.1954307,1.0
1398,-25.4811285,-49.19134842,1.0
1399,-25.4811285,-49.18726614,1.0
1400,-25.4751555,-49.38729786,1.0
1401,-25.4751555,-49.38321558,1.0
1402,-25.4751555,-49.3791333,1.0
1403,-25.4751555,-49.37505102,1.0
1404,-25.4751555,-49.37096874,1.0
1405,-25.4751555,-49.36688646,1.0
1406,-25.4751555,-49.36280418,1.0
1407,-25.4751555,-49.3587219,1.0
1408,-25.4751555,-49.35463962,1.0
1409,-25.4751555,-49.35055734,1.0
1410,-25.4751555,-49.34647506,1.0
1411,-25.4751555,-49.34239278,1.0
1412,-25.4751555,-49.3383105,1.0
1413,-25.4751555,-49.33422822,1.0
1414,-25.4751555,-49.33014594,1.0
1415,-25.4751555,-49.32606366,1.0
1416,-25.4751555,-49.32198138,1.0
1417,-25.4751555,-49.3178991,1.0
1418,-25.4751555,-49.31381682,1.0
1419,-25.4751555,-49.30973454,1.0
1420,-25.4751555,-49.30565226,1.0
1421,-25.4751555,-49.30156998,1.0
1422,-25.4751555,-49.2974877,1.0
1423,-25.4751555,-49.29340542,1.0
1424,-25.4751555,-49.28932314,1.0
1425,-25.4751555,-49.28524086,1.0
1426,-25.4751555,-49.28115858,1.0
1427,-25.4751555,-49.2770763,1.0
1428,-25.4751555,-49.27299402,1.0
1429,-25.4751555,-49.26891174,1.0
1430,-25.4751555,-49.26482946,1.0
1431,-25.4751555,-49.26074718,1.0
1432,-25.4751555,-49.2566649,1.0
1433,-25.4751555,-49.25258262,1.0
1434,-25.4751555,-49.24850034,1.0
1435,-25.4751555,-49.24441806,1.0
1436,-25.4751555,-49.24033578,1.0
1437,-25.4751555,-49.2362535,1.0
1438,-25.4751555,-49.23217122,1.0
1439,-25.4751555,-49.22808894,1.0
1440,-25.4751555,-49.22400666,1.0
1441,-25.4751555,-49.21992438,1.0
1442,-25.4751555,-49.2158421,1.0
1443,-25.4751555,-49.21175982,1.0
1444,-25.4751555,-49.20767754,1.0
1445,-25.4751555,-49.20359526,1.0
1446,-25.4751555,-49.19951298,1.0
1447,-25.4751555,-49.1954307,1.0
1448,-25.4751555,-49.19134842,1.0
1449,-25.4751555,-49.18726614,1.0
1450,-25.4691825,-49.38729786,1.0
1451,-25.4691825,-49.38321558,1.0
1452,-25.4691825,-49.3791333,1.0
1453,-25.4691825,-49.37505102,1.0
1454,-25.4691825,-49.37096874,1.0
1455,-25.4691825,-49.36688646,1.0
1456,-25.4691825,-49.36280418,1.0
1457,-25.4691825,-49.3587219,1.0
1458,-25.4691825,-49.35463962,1.0
1459,-25.4691825,-49.35055734,1.0
1460,-25.4691825,-49.34647506,1.0
1461,-25.4691825,-49.34239278,1.0
1462,-25.4691825,-49.3383105,1.0
1463,-25.4691825,-49.33422822,1.0
1464,-25.4691825,-49.33014594,1.0
1465,-25.4691825,-49.32606366,1.0
1466,-25.4691825,-49.32198138,1.0
1467,-25.4691825,-49.3178991,1.0
1468,-25.4691825,-49.31381682,1.0
1469,-25.4691825,-49.30973454,1.0
1470,-25.4691825,-49.30565226,1.0
1471,-25.4691825,-49.30156998,1.0
1472,-25.4691825,-49.2974877,1.0
1473,-25.4691825,-49.29340542,1.0
1474,-25.4691825,-49.28932314,1.0
1475,-25.4691825,-49.28524086,1.0
1476,-25.4691825,-49.28115858,1.0
1477,-25.4691825,-49.2770763,1.0
1478,-25.4691825,-49.27299402,1.0
1479,-25.4691825,-49.26891174,1.0
1480,-25.4691825,-49.26482946,1.0
1481,-25.4691825,-49.26074718,1.0
1482,-25.4691825,-49.2566649,1.0
1483,-25.4691825,-49.25258262,1.0
1484,-25.4691825,-49.24850034,1.0
1485,-25.4691825,-49.24441806,1.0
1486,-25.4691825,-49.24033578,1.0
1487,-25.4691825,-49.2362535,1.0
1488,-25.4691825,-49.23217122,1.0
1489,-25.4691825,-49.22808894,1.0
1490,-25.4691825,-49.22400666,1.0
1491,-25.4691825,-49.21992438,1.0
1492,-25.4691825,-49.2158421,1.0
1493,-25.4691825,-49.21175982,1.0
1494,-25.4691825,-49.20767754,1.0
1495,-25.4691825,-49.20359526,1.0
1496,-25.4691825,-49.19951298,1.0
1497,-25.4691825,-49.1954307,1.0
1498,-25.4691825,-49.19134842,1.0
1499,-25.4691825,-49.18726614,1.0
1500,-25.4632095,-49.38729786,1.0
1501,-25.4632095,-49.38321558,1.0
1502,-25.4632095,-49.3791333,1.0
1503,-25.4632095,-49.37505102,1.0
1504,-25.4632095,-49.37096874,1.0
1505,-25.4632095,-49.36688646,1.0
1506,-25.4632095,-49.36280418,1.0
1507,-25.4632095,-49.3587219,1.0
1508,-25.4632095,-49.35463962,1.0
1509,-25.4632095,-49.35055734,1.0
1510,-25.4632095,-49.34647506,1.0
1511,-25.4632095,-49.34239278,1.0
1512,-25.4632095,-49.3383105,1.0
1513,-25.4632095,-49.33422822,1.0
1514,-25.4632095,-49.33014594,1.0
1515,-25.4632095,-49.32606366,1.0
1516,-25.4632095,-49.32198138,1.0
1517,-25.4632095,-49.3178991,1.0
1518,-25.4632095,-49.31381682,1.0
1519,-25.4632095,-49.30973454,1.0
1520,-25.4632095,-49.30565226,1.0
1521,-25.4632095,-49.30156998,1.0
1522,-25.4632095,-49.2974877,1.0
1523,-25.4632095,-49.29340542,1.0
1524,-25.4632095,-49.28932314,1.0
1525,-25.4632095,-49.28524086,1.0
1526,-25.4632095,-49.28115858,1.0
1527,-25.4632095,-49.2770763,1.0
1528,-25.4632095,-49.27299402,1.0
1529,-25.4632095,-49.26891174,1.0
1530,-25.4632095,-49.26482946,1.0
1531,-25.4632095,-49.26074718,1.0
1532,-25.4632095,-49.2566649,1.0
1533,-25.4632095,-49.25258262,1.0
1534,-25.4632095,-49.24850034,1.0
1535,-25.4632095,-49.24441806,1.0
1536,-25.4632095,-49.24033578,1.0
1537,-25.4632095,-49.2362535,1.0
1538,-25.4632095,-49.23217122,1.0
1539,-25.4632095,-49.22808894,1.0
1540,-25.4632095,-49.22400666,1.0
1541,-25.4632095,-49.21992438,1.0
1542,-25.4632095,-49.2158421,1.0
1543,-25.4632095,-49.21175982,1.0
1544,-25.4632095,-49.20767754,1.0
1545,-25.4632095,-49.20359526,1.0
1546,-25.4632095,-49.19951298,1.0
1547,-25.4632095,-49.1954307,1.0
1548,-25.4632095,-49.19134842,1.0
1549,-25.4632095,-49.18726614,1.0
1550,-25.4572365,-49.38729786,1.0
1551,-25.4572365,-49.38321558,1.0
1552,-25.4572365,-49.3791333,1.0
1553,-25.4572365,-49.37505102,1.0
1554,-25.4572365,-49.37096874,1.0
1555,-25.4572365,-49.36688646,1.0
1556,-25.4572365,-49.36280418,1.0
1557,-25.4572365,-49.3587219,1.0
1558,-25.4572365,-49.35463962,1.0
1559,-25.4572365,-49.35055734,1.0
1560,-25.4572365,-49.34647506,1.0
1561,-25.4572365,-49.34239278,1.0
1562,-25.4572365,-49.3383105,1.0
1563,-25.4572365,-49.33422822,1.0
1564,-25.4572365,-49.33014594,1.0
1565,-25.4572365,-49.32606366,1.0
1566,-25.4572365,-49.32198138,1.0
1567,-25.4572365,-49.3178991,1.0
1568,-25.4572365,-49.31381682,1.0
1569,-25.4572365,-49.30973454,1.0
1570,-25.4572365,-49.30565226,1.0
1571,-25.4572365,-49.30156998,1.0
1572,-25.4572365,-49.2974877,1.0
1573,-25.4572365,-49.29340542,1.0
1574,-25.4572365,-49.28932314,1.0
1575,-25.4572365,-49.28524086,1.0
1576,-25.4572365,-49.28115858,1.0
1577,-25.4572365,-49.2770763,1.0
1578,-25.4572365,-49.27299402,1.0
1579,-25.4572365,-49.26891174,1.0
1580,-25.4572365,-49.26482946,1.0
1581,-25.4572365,-49.26074718,1.0
1582,-25.4572365,-49.2566649,1.0
1583,-25.4572365,-49.25258262,1.0
1584,-25.4572365,-49.24850034,1.0
1585,-25.4572365,-49.24441806,1.0
1586,-25.4572365,-49.24033578,1.0
1587,-25.4572365,-49.2362535,1.0
1588,-25.4572365,-49.23217122,1.0
1589,-25.4572365,-49.22808894,1.0
1590,-25.4572365,-49.22400666,1.0
1591,-25.4572365,-49.21992438,1.0
1592,-25.4572365,-49.2158421,1.0
1593,-25.4572365,-49.21175982,1.0
1594,-25.4572365,-49.20767754,1.0
1595,-25.4572365,-49.20359526,1.0
1596,-25.4572365,-49.19951298,1.0
1597,-25.4572365,-49.1954307,1.0
1598,-25.4572365,-49.19134842,1.0
1599,-25.4572365,-49.18726614,1.0
1600,-25.4512635,-49.38729786,1.0
1601,-25.4512635,-49.38321558,1.0
1602,-25.4512635,-49.3791333,1.0
1603,-25.4512635,-49.37505102,1.0
1604,-25.4512635,-49.37096874,1.0
1605,-25.4512635,-49.36688646,1.0
1606,-25.4512635,-49.36280418,1.0
1607,-25.4512635,-49.3587219,1.0
1608,-25.4512635,-49.35463962,1.0
1609,-25.4512635,-49.35055734,1.0
1610,-25.4512635,-49.34647506,1.0
1611,-25.4512635,-49.34239278,1.0
1612,-25.4512635,-49.3383105,1.0
1613,-25.4512635,-49.33422822,1.0
1614,-25.4512635,-49.33014594,1.0
1615,-25.4512635,-49.32606366,1.0
1616,-25.4512635,-49.32198138,1.0
1617,-25.4512635,-49.3178991,1.0
1618,-25.4512635,-49.31381682,1.0
1619,-25.4512635,-49.30973454,1.0
1620,-25.4512635,-49.30565226,1.0
1621,-25.4512635,-49.30156998,1.0
1622,-25.4512635,-49.2974877,1.0
1623,-25.4512635,-49.29340542,1.0
1624,-25.4512635,-49.28932314,1.0
1625,-25.4512635,-49.28524086,1.0
1626,-25.4512635,-49.28115858,1.0
1627,-25.4512635,-49.2770763,1.0
1628,-25.4512635,-49.27299402,1.0
1629,-25.4512635,-49.26891174,1.0
1630,-25.4512635,-49.26482946,1.0
1631,-25.4512635,-49.26074718,1.0
1632,-25.4512635,-49.2566649,1.0
1633,-25.4512635,-49.25258262,1.0
1634,-25.4512635,-49.24850034,1.0
1635,-25.4512635,-49.24441806,1.0
1636,-25.4512635,-49.24033578,1.0
1637,-25.4512635,-49.2362535,1.0
1638,-25.4512635,-49.23217122,1.0
1639,-25.4512635,-49.22808894,1.0
1640,-25.4512635,-49.22400666,1.0
1641,-25.4512635,-49.21992438,1.0
1642,-25.4512635,-49.2158421,1.0
1643,-25.4512635,-49.21175982,1.0
1644,-25.4512635,-49.20767754,1.0
1645,-25.4512635,-49.20359526,1.0
1646,-25.4512635,-49.19951298,1.0
1647,-25.4512635,-49.1954307,1.0
1648,-25.4512635,-49.19134842,1.0
1649,-25.4512635,-49.18726614,1.0
1650,-25.4452905,-49.38729786,1.0
1651,-25.4452905,-49.38321558,1.0
1652,-25.4452905,-49.3791333,1.0
1653,-25.4452905,-49.37505102,1.0
1654,-25.4452905,-49.37096874,1.0
1655,-25.4452905,-49.36688646,1.0
1656,-25.4452905,-49.36280418,1.0
1657,-25.4452905,-49.3587219,1.0
1658,-25.4452905,-49.35463962,1.0
1659,-25.4452905,-49.35055734,1.0
1660,-25.4452905,-49.34647506,1.0
1661,-25.4452905,-49.34239278,1.0
1662,-25.4452905,-49.3383105,1.0
1663,-25.4452905,-49.33422822,1.0
1664,-25.4452905,-49.33014594,1.0
1665,-25.4452905,-49.32606366,1.0
1666,-25.4452905,-49.32198138,1.0
1667,-25.4452905,-49.3178991,1.0
1668,-25.4452905,-49.31381682,1.0
1669,-25.4452905,-49.30973454,1.0
1670,-25.4452905,-49.30565226,1.0
1671,-25.4452905,-49.30156998,1.0
1672,-25.4452905,-49.2974877,1.0
1673,-25.4452905,-49.29340542,1.0
1674,-25.4452905,-49.28932314,1.0
1675,-25.4452905,-49.28524086,1.0
1676,-25.4452905,-49.28115858,1.0
1677,-25.4452905,-49.2770763,1.0
1678,-25.4452905,-49.27299402,1.0
1679,-25.4452905,-49.26891174,1.0
1680,-25.4452905,-49.26482946,1.0
1681,-25.4452905,-49.26074718,1.0
1682,-25.4452905,-49.2566649,1.0
1683,-25.4452905,-49.25258262,1.0
1684,-25.4452905,-49.24850034,1.0
1685,-25.4452905,-49.24441806,1.0
1686,-25.4452905,-49.24033578,1.0
1687,-25.4452905,-49.2362535,1.0
1688,-25.4452905,-49.23217122,1.0
1689,-25.4452905,-49.22808894,1.0
1690,-25.4452905,-49.22400666,1.0
1691,-25.4452905,-49.21992438,1.0
1692,-25.4452905,-49.2158421,1.0
1693,-25.4452905,-49.21175982,1.0
1694,-25.4452905,-49.20767754,1.0
1695,-25.4452905,-49.20359526,1.0
1696,-25.4452905,-49.19951298,1.0
1697,-25.4452905,-49.1954307,1.0
1698,-25.4452905,-49.19134842,1.0
1699,-25.4452905,-49.18726614,1.0
1700,-25.4393175,-49.38729786,1.0
1701,-25.4393175,-49.38321558,1.0
1702,-25.4393175,-49.3791333,1.0
1703,-25.4393175,-49.37505102,1.0
1704,-25.4393175,-49.37096874,1.0
1705,-25.4393175,-49.36688646,1.0
1706,-25.4393175,-49.36280418,1.0
1707,-25.4393175,-49.3587219,1.0
1708,-25.4393175,-49.35463962,1.0
1709,-25.4393175,-49.35055734,1.0
1710,-25.4393175,-49.34647506,1.0
1711,-25.4393175,-49.34239278,1.0
1712,-25.4393175,-49.3383105,1.0
1713,-25.4393175,-49.33422822,1.0
1714,-25.4393175,-49.33014594,1.0
1715,-25.4393175,-49.32606366,1.0
1716,-25.4393175,-49.32198138,1.0
1717,-25.4393175,-49.3178991,1.0
1718,-25.4393175,-49.31381682,1.0
1719,-25.4393175,-49.30973454,1.0
1720,-25.4393175,-49.30565226,1.0
1721,-25.4393175,-49.30156998,1.0
1722,-25.4393175,-49.2974877,1.0
1723,-25.4393175,-49.29340542,1.0
1724,-25.4393175,-49.28932314,1.0
1725,-25.4393175,-49.28524086,1.0
1726,-25.4393175,-49.28115858,1.0
1727,-25.4393175,-49.2770763,1.0
1728,-25.4393175,-49.27299402,1.0
1729,-25.4393175,-49.26891174,1.0
1730,-25.4393175,-49.26482946,1.0
1731,-25.4393175,-49.26074718,1.0
1732,-25.4393175,-49.2566649,1.0
1733,-25.4393175,-49.25258262,1.0
1734,-25.4393175,-49.24850034,1.0
1735,-25.4393175,-49.24441806,1.0
1736,-25.4393175,-49.24033578,1.0
1737,-25.4393175,-49.2362535,1.0
1738,-25.4393175,-49.23217122,1.0
1739,-25.4393175,-49.22808894,1.0
1740,-25.4393175,-49.22400666,1.0
1741,-25.4393175,-49.21992438,1.0
1742,-25.4393175,-49.2158421,1.0
1743,-25.4393175,-49.21175982,1.0
1744,-25.4393175,-49.20767754,1.0
1745,-25.4393175,-49.20359526,1.0
1746,-25.4393175,-49.19951298,1.0
1747,-25.4393175,-49.1954307,1.0
1748,-25.4393175,-49.19134842,1.0
1749,-25.4393175,-49.18726614,1.0
1750,-25.4333445,-49.38729786,1.0
1751,-25.4333445,-49.38321558,1.0
1752,-25.4333445,-49.3791333,1.0
1753,-25.4333445,-49.37505102,1.0
1754,-25.4333445,-49.37096874,1.0
1755,-25.4333445,-49.36688646,1.0
1756,-25.4333445,-49.36280418,1.0
1757,-25.4333445,-49.3587219,1.0
1758,-25.4333445,-49.35463962,1.0
1759,-25.4333445,-49.35055734,1.0
1760,-25.4333445,-49.34647506,1.0
1761,-25.4333445,-49.34239278,1.0
1762,-25.4333445,-49.3383105,1.0
1763,-25.4333445,-49.33422822,1.0
1764,-25.4333445,-49.33014594,1.0
1765,-25.4333445,-49.32606366,1.0
1766,-25.4333445,-49.32198138,1.0
1767,-25.4333445,-49.3178991,1.0
1768,-25.4333445,-49.31381682,1.0
1769,-25.4333445,-49.30973454,1.0
1770,-25.4333445,-49.30565226,1.0
1771,-25.4333445,-49.30156998,1.0
1772,-25.4333445,-49.2974877,1.0
1773,-25.4333445,-49.29340542,1.0
1774,-25.4333445,-49.28932314,1.0
1775,-25.4333445,-49.28524086,1.0
1776,-25.4333445,-49.28115858,1.0
1777,-25.4333445,-49.2770763,1.0
1778,-25.4333445,-49.27299402,1.0
1779,-25.4333445,-49.26891174,1.0
1780,-25.4333445,-49.26482946,1.0
1781,-25.4333445,-49.26074718,1.0
1782,-25.4333445,-49.2566649,1.0
1783,-25.4333445,-49.25258262,1.0
1784,-25.4333445,-49.24850034,1.0
1785,-25.4333445,-49.24441806,1.0
1786,-25.4333445,-49.24033578,1.0
1787,-25.4333445,-49.2362535,1.0
1788,-25.4333445,-49.23217122,1.0
1789,-25.4333445,-49.22808894,1.0
1790,-25.4333445,-49.22400666,1.0
1791,-25.4333445,-49.21992438,1.0
1792,-25.4333445,-49.2158421,1.0
1793,-25.4333445,-49.21175982,1.0
1794,-25.4333445,-49.20767754,1.0
1795,-25.4333445,-49.20359526,1.0
1796,-25.4333445,-49.19951298,1.0
1797,-25.4333445,-49.1954307,1.0
1798,-25.4333445,-49.19134842,1.0
1799,-25.4333445,-49.18726614,1.0
1800,-25.4273715,-49.38729786,1.0
1801,-25.4273715,-49.38321558,1.0
1802,-25.4273715,-49.3791333,1.0
1803,-25.4273715,-49.37505102,1.0
1804,-25.4273715,-49.37096874,1.0
1805,-25.4273715,-49.36688646,1.0
1806,-25.4273715,-49.36280418,1.0
1807,-25.4273715,-49.3587219,1.0
1808,-25.4273715,-49.35463962,1.0
1809,-25.4273715,-49.35055734,1.0
1810,-25.4273715,-49.34647506,1.0
1811,-25.4273715,-49.34239278,1.0
1812,-25.4273715,-49.3383105,1.0
1813,-25.4273715,-49.33422822,1.0
1814,-25.4273715,-49.33014594,1.0
1815,-25.4273715,-49.32606366,1.0
1816,-25.4273715,-49.32198138,1.0
1817,-25.4273715,-49.3178991,1.0
1818,-25.4273715,-49.31381682,1.0
1819,-25.4273715,-49.30973454,1.0
1820,-25.4273715,-49.30565226,1.0
1821,-25.4273715,-49.30156998,1.0
1822,-25.4273715,-49.2974877,1.0
1823,-25.4273715,-49.29340542,1.0
1824,-25.4273715,-49.28932314,1.0
1825,-25.4273715,-49.28524086,1.0
1826,-25.4273715,-49.28115858,1.0
1827,-25.4273715,-49.2770763,1.0
1828,-25.4273715,-49.27299402,1.0
1829,-25.4273715,-49.26891174,1.0
1830,-25.4273715,-49.26482946,1.0
1831,-25.4273715,-49.26074718,1.0
1832,-25.4273715,-49.2566649,1.0
1833,-25.4273715,-49.25258262,1.0
1834,-25.4273715,-49.24850034,1.0
1835,-25.4273715,-49.24441806,1.0
1836,-25.4273715,-49.24033578,1.0
1837,-25.4273715,-49.2362535,1.0
1838,-25.4273715,-49.23217122,1.0
1839,-25.4273715,-49.22808894,1.0
1840,-25.4273715,-49.22400666,1.0
1841,-25.4273715,-49.21992438,1.0
1842,-25.4273715,-49.2158421,1.0
1843,-25.4273715,-49.21175982,1.0
1844,-25.4273715,-49.20767754,1.0
1845,-25.4273715,-49.20359526,1.0
1846,-25.4273715,-49.19951298,1.0
1847,-25.4273715,-49.1954307,1.0
1848,-25.4273715,-49.19134842,1.0
1849,-25.4273715,-49.18726614,1.0
1850,-25.4213985,-49.38729786,1.0
1851,-25.4213985,-49.38321558,1.0
1852,-25.4213985,-49.3791333,1.0
1853,-25.4213985,-49.37505102,1.0
1854,-25.4213985,-49.37096874,1.0
1855,-25.4213985,-49.36688646,1.0
1856,-25.4213985,-49.36280418,1.0
1857,-25.4213985,-49.3587219,1.0
1858,-25.4213985,-49.35463962,1.0
1859,-25.4213985,-49.35055734,1.0
1860,-25.4213985,-49.34647506,1.0
1861,-25.4213985,-49.34239278,1.0
1862,-25.4213985,-49.3383105,1.0
1863,-25.4213985,-49.33422822,1.0
1864,-25.4213985,-49.33014594,1.0
1865,-25.4213985,-49.32606366,1.0
1866,-25.4213985,-49.32198138,1.0
1867,-25.4213985,-49.3178991,1.0
1868,-25.4213985,-49.31381682,1.0
1869,-25.4213985,-49.30973454,1.0
1870,-25.4213985,-49.30565226,1.0
1871,-25.4213985,-49.30156998,1.0
1872,-25.4213985,-49.2974877,1.0
1873,-25.4213985,-49.29340542,1.0
1874,-25.4213985,-49.28932314,1.0
1875,-25.4213985,-49.28524086,1.0
1876,-25.4213985,-49.28115858,1.0
1877,-25.4213985,-49.2770763,1.0
1878,-25.4213985,-49.27299402,1.0
1879,-25.4213985,-49.26891174,1.0
1880,-25.4213985,-49.26482946,1.0
1881,-25.4213985,-49.26074718,1.0
1882,-25.4213985,-49.2566649,1.0
1883,-25.4213985,-49.25258262,1.0
1884,-25.4213985,-49.24850034,1.0
1885,-25.4213985,-49.24441806,1.0
1886,-25.4213985,-49.24033578,1.0
1887,-25.4213985,-49.2362535,1.0
1888,-25.4213985,-49.23217122,1.0
1889,-25.4213985,-49.22808894,1.0
1890,-25.4213985,-49.22400666,1.0
1891,-25.4213985,-49.21992438,1.0
1892,-25.4213985,-49.2158421,1.0
1893,-25.4213985,-49.21175982,1.0
1894,-25.4213985,-49.20767754,1.0
1895,-25.4213985,-49.20359526,1.0
1896,-25.4213985,-49.19951298,1.0
1897,-25.4213985,-49.1954307,1.0
1898,-25.4213985,-49.19134842,1.0
1899,-25.4213985,-49.18726614,1.0
1900,-25.4154255,-49.38729786,1.0
1901,-25.4154255,-49.38321558,1.0
1902,-25.4154255,-49.3791333,1.0
1903,-25.4154255,-49.37505102,1.0
1904,-25.4154255,-49.37096874,1.0
1905,-25.4154255,-49.36688646,1.0
1906,-25.4154255,-49.36280418,1.0
1907,-25.4154255,-49.3587219,1.0
1908,-25.4154255,-49.35463962,1.0
1909,-25.4154255,-49.35055734,1.0
1910,-25.4154255,-49.34647506,1.0
1911,-25.4154255,-49.34239278,1.0
1912,-25.4154255,-49.3383105,1.0
1913,-25.4154255,-49.33422822,1.0
1914,-25.4154255,-49.33014594,1.0
1915,-25.4154255,-49.32606366,1.0
1916,-25.4154255,-49.32198138,1.0
1917,-25.4154255,-49.3178991,1.0
1918,-25.4154255,-49.31381682,1.0
1919,-25.4154255,-49.30973454,1.0
1920,-25.4154255,-49.30565226,1.0
1921,-25.4154255,-49.30156998,1.0
1922,-25.4154255,-49.2974877,1.0
1923,-25.4154255,-49.29340542,1.0
1924,-25.4154255,-49.28932314,1.0
1925,-25.4154255,-49.28524086,1.0
1926,-25.4154255,-49.28115858,1.0
1927,-25.4154255,-49.2770763,1.0
1928,-25.4154255,-49.27299402,1.0
1929,-25.4154255,-49.26891174,1.0
1930,-25.4154255,-49.26482946,1.0
1931,-25.4154255,-49.26074718,1.0
1932,-25.4154255,-49.2566649,1.0
1933,-25.4154255,-49.25258262,1.0
1934,-25.4154255,-49.24850034,1.0
1935,-25.4154255,-49.24441806,1.0
1936,-25.4154255,-49.24033578,1.0
1937,-25.4154255,-49.2362535,1.0
1938,-25.4154255,-49.23217122,1.0
1939,-25.4154255,-49.22808894,1.0
1940,-25.4154255,-49.22400666,1.0
1941,-25.4154255,-49.21992438,1.0
1942,-25.4154255,-49.2158421,1.0
1943,-25.4154255,-49.21175982,1.0
1944,-25.4154255,-49.20767754,1.0
1945,-25.4154255,-49.20359526,1.0
1946,-25.4154255,-49.19951298,1.0
1947,-25.4154255,-49.1954307,1.0
1948,-25.4154255,-49.19134842,1.0
1949,-25.4154255,-49.18726614,1.0
1950,-25.4094525,-49.38729786,1.0
1951,-25.4094525,-49.38321558,1.0
1952,-25.4094525,-49.3791333,1.0
1953,-25.4094525,-49.37505102,1.0
1954,-25.4094525,-49.37096874,1.0
1955,-25.4094525,-49.36688646,1.0
1956,-25.4094525,-49.36280418,1.0
1957,-25.4094525,-49.3587219,1.0
1958,-25.4094525,-49.35463962,1.0
1959,-25.4094525,-49.35055734,1.0
1960,-25.4094525,-49.34647506,1.0
1961,-25.4094525,-49.34239278,1.0
1962,-25.4094525,-49.3383105,1.0
1963,-25.4094525,-49.33422822,1.0
1964,-25.4094525,-49.33014594,1.0
1965,-25.4094525,-49.32606366,1.0
1966,-25.4094525,-49.32198138,1.0
1967,-25.4094525,-49.3178991,1.0
1968,-25.4094525,-49.31381682,1.0
1969,-25.4094525,-49.30973454,1.0
1970,-25.4094525,-49.30565226,1.0
1971,-25.4094525,-49.30156998,1.0
1972,-25.4094525,-49.2974877,1.0
1973,-25.4094525,-49.29340542,1.0
1974,-25.4094525,-49.28932314,1.0
1975,-25.4094525,-49.28524086,1.0
1976,-25.4094525,-49.28115858,1.0
1977,-25.4094525,-49.2770763,1.0
1978,-25.4094525,-49.27299402,1.0
1979,-25.4094525,-49.26891174,1.0
1980,-25.4094525,-49.26482946,1.0
1981,-25.4094525,-49.26074718,1.0
1982,-25.4094525,-49.2566649,1.0
1983,-25.4094525,-49.25258262,1.0
1984,-25.4094525,-49.24850034,1.0
1985,-25.4094525,-49.24441806,1.0
1986,-25.4094525,-49.24033578,1.0
1987,-25.4094525,-49.2362535,1.0
1988,-25.4094525,-49.23217122,1.0
1989,-25.4094525,-49.22808894,1.0
1990,-25.4094525,-49.22400666,1.0
1991,-25.4094525,-49.21992438,1.0
1992,-25.4094525,-49.2158421,1.0
1993,-25.4094525,-49.21175982,1.0
1994,-25.4094525,-49.20767754,1.0
1995,-25.4094525,-49.20359526,1.0
1996,-25.4094525,-49.19951298,1.0
1997,-25.4094525,-49.1954307,1.0
1998,-25.4094525,-49.19134842,1.0
1999,-25.4094525,-49.18726614,1.0
2000,-25.4034795,-49.38729786,1.0
2001,-25.4034795,-49.38321558,1.0
2002,-25.4034795,-49.3791333,1.0
2003,-25.4034795,-49.37505102,1.0
2004,-25.4034795,-49.37096874,1.0
2005,-25.4034795,-49.36688646,1.0
2006,-25.4034795,-49.36280418,1.0
2007,-25.4034795,-49.3587219,1.0
2008,-25.4034795,-49.35463962,1.0
2009,-25.4034795,-49.35055734,1.0
2010,-25.4034795,-49.34647506,1.0
2011,-25.4034795,-49.34239278,1.0
2012,-25.4034795,-49.3383105,1.0
2013,-25.4034795,-49.33422822,1.0
2014,-25.4034795,-49.33014594,1.0
2015,-25.4034795,-49.32606366,1.0
2016,-25.4034795,-49.32198138,1.0
2017,-25.4034795,-49.3178991,1.0
2018,-25.4034795,-49.31381682,1.0
2019,-25.4034795,-49.30973454,1.0
2020,-25.4034795,-49.30565226,1.0
2021,-25.4034795,-49.30156998,1.0
2022,-25.4034795,-49.2974877,1.0
2023,-25.4034795,-49.29340542,1.0
2024,-25.4034795,-49.28932314,1.0
2025,-25.4034795,-49.28524086,1.0
2026,-25.4034795,-49.28115858,1.0
2027,-25.4034795,-49.2770763,1.0
2028,-25.4034795,-49.27299402,1.0
2029,-25.4034795,-49.26891174,1.0
2030,-25.4034795,-49.26482946,1.0
2031,-25.4034795,-49.26074718,1.0
2032,-25.4034795,-49.2566649,1.0
2033,-25.4034795,-49.25258262,1.0
2034,-25.4034795,-49.24850034,1.0
2035,-25.4034795,-49.24441806,1.0
2036,-25.4034795,-49.24033578,1.0
2037,-25.4034795,-49.2362535,1.0
2038,-25.4034795,-49.23217122,1.0
2039,-25.4034795,-49.22808894,1.0
2040,-25.4034795,-49.22400666,1.0
2041,-25.4034795,-49.21992438,1.0
2042,-25.4034795,-49.2158421,1.0
2043,-25.4034795,-49.21175982,1.0
2044,-25.4034795,-49.20767754,1.0
2045,-25.4034795,-49.20359526,1.0
2046,-25.4034795,-49.19951298,1.0
2047,-25.4034795,-49.1954307,1.0
2048,-25.4034795,-49.19134842,1.0
2049,-25.4034795,-49.18726614,1.0
2050,-25.3975065,-49.38729786,1.0
2051,-25.3975065,-49.38321558,1.0
2052,-25.3975065,-49.3791333,1.0
2053,-25.3975065,-49.37505102,1.0
2054,-25.3975065,-49.37096874,1.0
2055,-25.3975065,-49.36688646,1.0
2056,-25.3975065,-49.36280418,1.0
2057,-25.3975065,-49.3587219,1.0
2058,-25.3975065,-49.35463962,1.0
2059,-25.3975065,-49.35055734,1.0
2060,-25.3975065,-49.34647506,1.0
2061,-25.3975065,-49.34239278,1.0
2062,-25.3975065,-49.3383105,1.0
2063,-25.3975065,-49.33422822,1.0
2064,-25.3975065,-49.33014594,1.0
2065,-25.3975065,-49.32606366,1.0
2066,-25.3975065,-49.32198138,1.0
2067,-25.3975065,-49.3178991,1.0
2068,-25.3975065,-49.31381682,1.0
2069,-25.3975065,-49.30973454,1.0
2070,-25.3975065,-49.30565226,1.0
2071,-25.3975065,-49.30156998,1.0
2072,-25.3975065,-49.2974877,1.0
2073,-25.3975065,-49.29340542,1.0
2074,-25.3975065,-49.28932314,1.0
2075,-25.3975065,-49.28524086,1.0
2076,-25.3975065,-49.28115858,1.0
2077,-25.3975065,-49.2770763,1.0
2078,-25.3975065,-49.27299402,1.0
2079,-25.3975065,-49.26891174,1.0
2080,-25.3975065,-49.26482946,1.0
2081,-25.3975065,-49.26074718,1.0
2082,-25.3975065,-49.2566649,1.0
2083,-25.3975065,-49.25258262,1.0
2084,-25.3975065,-49.24850034,1.0
2085,-25.3975065,-49.24441806,1.0
2086,-25.3975065,-49.24033578,1.0
2087,-25.3975065,-49.2362535,1.0
2088,-25.3975065,-49.23217122,1.0
2089,-25.3975065,-49.22808894,1.0
2090,-25.3975065,-49.22400666,1.0
2091,-25.3975065,-49.21992438,1.0
2092,-25.3975065,-49.2158421,1.0
2093,-25.3975065,-49.21175982,1.0
2094,-25.3975065,-49.20767754,1.0
2095,-25.3975065,-49.20359526,1.0
2096,-25.3975065,-49.19951298,1.0
2097,-25.3975065,-49.1954307,1.0
2098,-25.3975065,-49.19134842,1.0
2099,-25.3975065,-49.18726614,1.0
2100,-25.3915335,-49.38729786,1.0
2101,-25.3915335,-49.38321558,1.0
2102,-25.3915335,-49.3791333,1.0
2103,-25.3915335,-49.37505102,1.0
2104,-25.3915335,-49.37096874,1.0
2105,-25.3915335,-49.36688646,1.0
2106,-25.3915335,-49.36280418,1.0
2107,-25.3915335,-49.3587219,1.0
2108,-25.3915335,-49.35463962,1.0
2109,-25.3915335,-49.35055734,1.0
2110,-25.3915335,-49.34647506,1.0
2111,-25.3915335,-49.34239278,1.0
2112,-25.3915335,-49.3383105,1.0
2113,-25.3915335,-49.33422822,1.0
2114,-25.3915335,-49.33014594,1.0
2115,-25.3915335,-49.32606366,1.0
2116,-25.3915335,-49.32198138,1.0
2117,-25.3915335,-49.3178991,1.0
2118,-25.3915335,-49.31381682,1.0
2119,-25.3915335,-49.30973454,1.0
2120,-25.3915335,-49.30565226,1.0
2121,-25.3915335,-49.30156998,1.0
2122,-25.3915335,-49.2974877,1.0
2123,-25.3915335,-49.29340542,1.0
2124,-25.3915335,-49.28932314,1.0
2125,-25.3915335,-49.28524086,1.0
2126,-25.3915335,-49.28115858,1.0
2127,-25.3915335,-49.2770763,1.0
2128,-25.3915335,-49.27299402,1.0
2129,-25.3915335,-49.26891174,1.0
2130,-25.3915335,-49.26482946,1.0
2131,-25.3915335,-49.26074718,1.0
2132,-25.3915335,-49.2566649,1.0
2133,-25.3915335,-49.25258262,1.0
2134,-25.3915335,-49.24850034,1.0
2135,-25.3915335,-49.24441806,1.0
2136,-25.3915335,-49.24033578,1.0
2137,-25.3915335,-49.2362535,1.0
2138,-25.3915335,-49.23217122,1.0
2139,-25.3915335,-49.22808894,1.0
2140,-25.3915335,-49.22400666,1.0
2141,-25.3915335,-49.21992438,1.0
2142,-25.3915335,-49.2158421,1.0
2143,-25.3915335,-49.21175982,1.0
2144,-25.3915335,-49.20767754,1.0
2145,-25.3915335,-49.20359526,1.0
2146,-25.3915335,-49.19951298,1.0
2147,-25.3915335,-49.1954307,1.0
2148,-25.3915335,-49.19134842,1.0
2149,-25.3915335,-49.18726614,1.0
2150,-25.3855605,-49.38729786,1.0
2151,-25.3855605,-49.38321558,1.0
2152,-25.3855605,-49.3791333,1.0
2153,-25.3855605,-49.37505102,1.0
2154,-25.3855605,-49.37096874,1.0
2155,-25.3855605,-49.36688646,1.0
2156,-25.3855605,-49.36280418,1.0
2157,-25.3855605,-49.3587219,1.0
2158,-25.3855605,-49.35463962,1.0
2159,-25.3855605,-49.35055734,1.0
2160,-25.3855605,-49.34647506,1.0
2161,-25.3855605,-49.34239278,1.0
2162,-25.3855605,-49.3383105,1.0
2163,-25.3855605,-49.33422822,1.0
2164,-25.3855605,-49.33014594,1.0
2165,-25.3855605,-49.32606366,1.0
2166,-25.3855605,-49.32198138,1.0
2167,-25.3855605,-49.3178991,1.0
2168,-25.3855605,-49.31381682,1.0
2169,-25.3855605,-49.30973454,1.0
2170,-25.3855605,-49.30565226,1.0
2171,-25.3855605,-49.30156998,1.0
2172,-25.3855605,-49.2974877,1.0
2173,-25.3855605,-49.29340542,1.0
2174,-25.3855605,-49.28932314,1.0
2175,-25.3855605,-49.28524086,1.0
2176,-25.3855605,-49.28115858,1.0
2177,-25.3855605,-49.2770763,1.0
2178,-25.3855605,-49.27299402,1.0
2179,-25.3855605,-49.26891174,1.0
2180,-25.3855605,-49.26482946,1.0
2181,-25.3855605,-49.26074718,1.0
2182,-25.3855605,-49.2566649,1.0
2183,-25.3855605,-49.25258262,1.0
2184,-25.3855605,-49.24850034,1.0
2185,-25.3855605,-49.24441806,1.0
2186,-25.3855605,-49.24033578,1.0
2187,-25.3855605,-49.2362535,1.0
2188,-25.3855605,-49.23217122,1.0
2189,-25.3855605,-49.22808894,1.0
2190,-25.3855605,-49.22400666,1.0
2191,-25.3855605,-49.21992438,1.0
2192,-25.3855605,-49.2158421,1.0
2193,-25.3855605,-49.21175982,1.0
2194,-25.3855605,-49.20767754,1.0
2195,-25.3855605,-49.20359526,1.0
2196,-25.3855605,-49.19951298,1.0
2197,-25.3855605,-49.1954307,1.0
2198,-25.3855605,-49.19134842,1.0
2199,-25.3855605,-49.18726614,1.0
2200,-25.3795875,-49.38729786,1.0
2201,-25.3795875,-49.38321558,1.0
2202,-25.3795875,-49.3791333,1.0
2203,-25.3795875,-49.37505102,1.0
2204,-25.3795875,-49.37096874,1.0
2205,-25.3795875,-49.36688646,1.0
2206,-25.3795875,-49.36280418,1.0
2207,-25.3795875,-49.3587219,1.0
2208,-25.3795875,-49.35463962,1.0
2209,-25.3795875,-49.35055734,1.0
2210,-25.3795875,-49.34647506,1.0
2211,-25.3795875,-49.34239278,1.0
2212,-25.3795875,-49.3383105,1.0
2213,-25.3795875,-49.33422822,1.0
2214,-25.3795875,-49.33014594,1.0
2215,-25.3795875,-49.32606366,1.0
2216,-25.3795875,-49.32198138,1.0
2217,-25.3795875,-49.3178991,1.0
2218,-25.3795875,-49.31381682,1.0
2219,-25.3795875,-49.30973454,1.0
2220,-25.3795875,-49.30565226,1.0
2221,-25.3795875,-49.30156998,1.0
2222,-25.3795875,-49.2974877,1.0
2223,-25.3795875,-49.29340542,1.0
2224,-25.3795875,-49.28932314,1.0
2225,-25.3795875,-49.28524086,1.0
2226,-25.3795875,-49.28115858,1.0
2227,-25.3795875,-49.2770763,1.0
2228,-25.3795875,-49.27299402,1.0
2229,-25.3795875,-49.26891174,1.0
2230,-25.3795875,-49.26482946,1.0
2231,-25.3795875,-49.26074718,1.0
2232,-25.3795875,-49.2566649,1.0
2233,-25.3795875,-49.25258262,1.0
2234,-25.3795875,-49.24850034,1.0
2235,-25.3795875,-49.24441806,1.0
2236,-25.3795875,-49.24033578,1.0
2237,-25.3795875,-49.2362535,1.0
2238,-25.3795875,-49.23217122,1.0
2239,-25.3795875,-49.22808894,1.0
2240,-25.3795875,-49.22400666,1.0
2241,-25.3795875,-49.21992438,1.0
2242,-25.3795875,-49.2158421,1.0
2243,-25.3795875,-49.21175982,1.0
2244,-25.3795875,-49.20767754,1.0
2245,-25.3795875,-49.20359526,1.0
2246,-25.3795875,-49.19951298,1.0
2247,-25.3795875,-49.1954307,1.0
2248,-25.3795875,-49.19134842,1.0
2249,-25.3795875,-49.18726614,1.0
2250,-25.3736145,-49.38729786,1.0
2251,-25.3736145,-49.38321558,1.0
2252,-25.3736145,-49.3791333,1.0
2253,-25.3736145,-49.37505102,1.0
2254,-25.3736145,-49.37096874,1.0
2255,-25.3736145,-49.36688646,1.0
2256,-25.3736145,-49.36280418,1.0
2257,-25.3736145,-49.3587219,1.0
2258,-25.3736145,-49.35463962,1.0
2259,-25.3736145,-49.35055734,1.0
2260,-25.3736145,-49.34647506,1.0
2261,-25.3736145,-49.34239278,1.0
2262,-25.3736145,-49.3383105,1.0
2263,-25.3736145,-49.33422822,1.0
2264,-25.3736145,-49.33014594,1.0
2265,-25.3736145,-49.32606366,1.0
2266,-25.3736145,-49.32198138,1.0
2267,-25.3736145,-49.3178991,1.0
2268,-25.3736145,-49.31381682,1.0
2269,-25.3736145,-49.30973454,1.0
2270,-25.3736145,-49.30565226,1.0
2271,-25.3736145,-49.30156998,1.0
2272,-25.3736145,-49.2974877,1.0
2273,-25.3736145,-49.29340542,1.0
2274,-25.3736145,-49.28932314,1.0
2275,-25.3736145,-49.28524086,1.0
2276,-25.3736145,-49.28115858,1.0
2277,-25.3736145,-49.2770763,1.0
2278,-25.3736145,-49.27299402,1.0
2279,-25.3736145,-49.26891174,1.0
2280,-25.3736145,-49.26482946,1.0
2281,-25.3736145,-49.26074718,1.0
2282,-25.3736145,-49.2566649,1.0
2283,-25.3736145,-49.25258262,1.0
2284,-25.3736145,-49.24850034,1.0
2285,-25.3736145,-49.24441806,1.0
2286,-25.3736145,-49.24033578,1.0
2287,-25.3736145,-49.2362535,1.0
2288,-25.3736145,-49.23217122,1.0
2289,-25.3736145,-49.22808894,1.0
2290,-25.3736145,-49.22400666,1.0
2291,-25.3736145,-49.21992438,1.0
2292,-25.3736145,-49.2158421,1.0
2293,-25.3736145,-49.21175982,1.0
2294,-25.3736145,-49.20767754,1.0
2295,-25.3736145,-49.20359526,1.0
2296,-25.3736145,-49.19951298,1.0
2297,-25.3736145,-49.1954307,1.0
2298,-25.3736145,-49.19134842,1.0
2299,-25.3736145,-49.18726614,1.0
2300,-25.3676415,-49.38729786,1.0
2301,-25.3676415,-49.38321558,1.0
2302,-25.3676415,-49.3791333,1.0
2303,-25.3676415,-49.37505102,1.0
2304,-25.3676415,-49.37096874,1.0
2305,-25.3676415,-49.36688646,1.0
2306,-25.3676415,-49.36280418,1.0
2307,-25.3676415,-49.3587219,1.0
2308,-25.3676415,-49.35463962,1.0
2309,-25.3676415,-49.35055734,1.0
2310,-25.3676415,-49.34647506,1.0
2311,-25.3676415,-49.34239278,1.0
2312,-25.3676415,-49.3383105,1.0
2313,-25.3676415,-49.33422822,1.0
2314,-25.3676415,-49.33014594,1.0
2315,-25.3676415,-49.32606366,1.0
2316,-25.3676415,-49.32198138,1.0
2317,-25.3676415,-49.3178991,1.0
2318,-25.3676415,-49.31381682,1.0
2319,-25.3676415,-49.30973454,1.0
2320,-25.3676415,-49.30565226,1.0
2321,-25.3676415,-49.30156998,1.0
2322,-25.3676415,-49.2974877,1.0
2323,-25.3676415,-49.29340542,1.0
2324,-25.3676415,-49.28932314,1.0
2325,-25.3676415,-49.28524086,1.0
2326,-25.3676415,-49.28115858,1.0
2327,-25.3676415,-49.2770763,1.0
2328,-25.3676415,-49.27299402,1.0
2329,-25.3676415,-49.26891174,1.0
2330,-25.3676415,-49.26482946,1.0
2331,-25.3676415,-49.26074718,1.0
2332,-25.3676415,-49.2566649,1.0
2333,-25.3676415,-49.25258262,1.0
2334,-25.3676415,-49.24850034,1.0
2335,-25.3676415,-49.24441806,1.0
2336,-25.3676415,-49.24033578,1.0
2337,-25.3676415,-49.2362535,1.0
2338,-25.3676415,-49.23217122,1.0
2339,-25.3676415,-49.22808894,1.0
2340,-25.3676415,-49.22400666,1.0
2341,-25.3676415,-49.21992438,1.0
2342,-25.3676415,-49.2158421,1.0
2343,-25.3676415,-49.21175982,1.0
2344,-25.3676415,-49.20767754,1.0
2345,-25.3676415,-49.20359526,1.0
2346,-25.3676415,-49.19951298,1.0
2347,-25.3676415,-49.1954307,1.0
2348,-25.3676415,-49.19134842,1.0
2349,-25.3676415,-49.18726614,1.0
2350,-25.3616685,-49.38729786,1.0
2351,-25.3616685,-49.38321558,1.0
2352,-25.3616685,-49.3791333,1.0
2353,-25.3616685,-49.37505102,1.0
2354,-25.3616685,-49.37096874,1.0
2355,-25.3616685,-49.36688646,1.0
2356,-25.3616685,-49.36280418,1.0
2357,-25.3616685,-49.3587219,1.0
2358,-25.3616685,-49.35463962,1.0
2359,-25.3616685,-49.35055734,1.0
2360,-25.3616685,-49.34647506,1.0
2361,-25.3616685,-49.34239278,1.0
2362,-25.3616685,-49.3383105,1.0
2363,-25.3616685,-49.33422822,1.0
2364,-25.3616685,-49.33014594,1.0
2365,-25.3616685,-49.32606366,1.0
2366,-25.3616685,-49.32198138,1.0
2367,-25.3616685,-49.3178991,1.0
2368,-25.3616685,-49.31381682,1.0
2369,-25.3616685,-49.30973454,1.0
2370,-25.3616685,-49.30565226,1.0
2371,-25.3616685,-49.30156998,1.0
2372,-25.3616685,-49.2974877,1.0
2373,-25.3616685,-49.29340542,1.0
2374,-25.3616685,-49.28932314,1.0
2375,-25.3616685,-49.28524086,1.0
2376,-25.3616685,-49.28115858,1.0
2377,-25.3616685,-49.2770763,1.0
2378,-25.3616685,-49.27299402,1.0
2379,-25.3616685,-49.26891174,1.0
2380,-25.3616685,-49.26482946,1.0
2381,-25.3616685,-49.26074718,1.0
2382,-25.3616685,-49.2566649,1.0
2383,-25.3616685,-49.25258262,1.0
2384,-25.3616685,-49.24850034,1.0
2385,-25.3616685,-49.24441806,1.0
2386,-25.3616685,-49.24033578,1.0
2387,-25.3616685,-49.2362535,1.0
2388,-25.3616685,-49.23217122,1.0
2389,-25.3616685,-49.22808894,1.0
2390,-25.3616685,-49.22400666,1.0
2391,-25.3616685,-49.21992438,1.0
2392,-25.3616685,-49.2158421,1.0
2393,-25.3616685,-49.21175982,1.0
2394,-25.3616685,-49.20767754,1.0
2395,-25.3616685,-49.20359526,1.0
2396,-25.3616685,-49.19951298,1.0
2397,-25.3616685,-49.1954307,1.0
2398,-25.3616685,-49.19134842,1.0
2399,-25.3616685,-49.18726614,1.0
2400,-25.3556955,-49.38729786,1.0
2401,-25.3556955,-49.38321558,1.0
2402,-25.3556955,-49.3791333,1.0
2403,-25.3556955,-49.37505102,1.0
2404,-25.3556955,-49.37096874,1.0
2405,-25.3556955,-49.36688646,1.0
2406,-25.3556955,-49.36280418,1.0
2407,-25.3556955,-49.3587219,1.0
2408,-25.3556955,-49.35463962,1.0
2409,-25.3556955,-49.35055734,1.0
2410,-25.3556955,-49.34647506,1.0
2411,-25.3556955,-49.34239278,1.0
2412,-25.3556955,-49.3383105,1.0
2413,-25.3556955,-49.33422822,1.0
2414,-25.3556955,-49.33014594,1.0
2415,-25.3556955,-49.32606366,1.0
2416,-25.3556955,-49.32198138,1.0
2417,-25.3556955,-49.3178991,1.0
2418,-25.3556955,-49.31381682,1.0
2419,-25.3556955,-49.30973454,1.0
2420,-25.3556955,-49.30565226,1.0
2421,-25.3556955,-49.30156998,1.0
2422,-25.3556955,-49.2974877,1.0
2423,-25.3556955,-49.29340542,1.0
2424,-25.3556955,-49.28932314,1.0
2425,-25.3556955,-49.28524086,1.0
2426,-25.3556955,-49.28115858,1.0
2427,-25.3556955,-49.2770763,1.0
2428,-25.3556955,-49.27299402,1.0
2429,-25.3556955,-49.26891174,1.0
2430,-25.3556955,-49.26482946,1.0
2431,-25.3556955,-49.26074718,1.0
2432,-25.3556955,-49.2566649,1.0
2433,-25.3556955,-49.25258262,1.0
2434,-25.3556955,-49.24850034,1.0
2435,-25.3556955,-49.24441806,1.0
2436,-25.3556955,-49.24033578,1.0
2437,-25.3556955,-49.2362535,1.0
2438,-25.3556955,-49.23217122,1.0
2439,-25.3556955,-49.22808894,1.0
2440,-25.3556955,-49.22400666,1.0
2441,-25.3556955,-49.21992438,1.0
2442,-25.3556955,-49.2158421,1.0
2443,-25.3556955,-49.21175982,1.0
2444,-25.3556955,-49.20767754,1.0
2445,-25.3556955,-49.20359526,1.0
2446,-25.3556955,-49.19951298,1.0
2447,-25.3556955,-49.1954307,1.0
2448,-25.3556955,-49.19134842,1.0
2449,-25.3556955,-49.18726614,1.0
2450,-25.3497225,-49.38729786,1.0
2451,-25.3497225,-49.38321558,1.0
2452,-25.3497225,-49.3791333,1.0
2453,-25.3497225,-49.37505102,1.0
2454,-25.3497225,-49.37096874,1.0
2455,-25.3497225,-49.36688646,1.0
2456,-25.3497225,-49.36280418,1.0
2457,-25.3497225,-49.3587219,1.0
2458,-25.3497225,-49.35463962,1.0
2459,-25.3497225,-49.35055734,1.0
2460,-25.3497225,-49.34647506,1.0
2461,-25.3497225,-49.34239278,1.0
2462,-25.3497225,-49.3383105,1.0
2463,-25.3497225,-49.33422822,1.0
2464,-25.3497225,-49.33014594,1.0
2465,-25.3497225,-49.32606366,1.0
2466,-25.3497225,-49.32198138,1.0
2467,-25.3497225,-49.3178991,1.0
2468,-25.3497225,-49.31381682,1.0
2469,-25.3497225,-49.30973454,1.0
2470,-25.3497225,-49.30565226,1.0
2471,-25.3497225,-49.30156998,1.0
2472,-25.3497225,-49.2974877,1.0
2473,-25.3497225,-49.29340542,1.0
2474,-25.3497225,-49.28932314,1.0
2475,-25.3497225,-49.28524086,1.0
2476,-25.3497225,-49.28115858,1.0
2477,-25.3497225,-49.2770763,1.0
2478,-25.3497225,-49.27299402,1.0
2479,-25.3497225,-49.26891174,1.0
2480,-25.3497225,-49.26482946,1.0
2481,-25.3497225,-49.26074718,1.0
2482,-25.3497225,-49.2566649,1.0
2483,-25.3497225,-49.25258262,1.0
2484,-25.3497225,-49.24850034,1.0
2485,-25.3497225,-49.24441806,1.0
2486,-25.3497225,-49.24033578,1.0
2487,-25.3497225,-49.2362535,1.0
2488,-25.3497225,-49.23217122,1.0
2489,-25.3497225,-49.22808894,1.0
2490,-25.3497225,-49.22400666,1.0
2491,-25.3497225,-49.21992438,1.0
2492,-25.3497225,-49.2158421,1.0
2493,-25.3497225,-49.21175982,1.0
2494,-25.3497225,-49.20767754,1.0
2495,-25.3497225,-49.20359526,1.0
2496,-25.3497225,-49.19951298,1.0
2497,-25.3497225,-49.1954307,1.0
2498,-25.3497225,-49.19134842,1.0
2499,-25.3497225,-49.18726614,1.0
