grid,window time,score,variance
6,2016-09-20 05:00:00,0.152083,0.757908
7,2016-09-20 05:00:00,0.152168,0.758026
8,2016-09-20 05:00:00,0.152444,0.758409
9,2016-09-20 05:00:00,0.152173,0.758033
56,2016-09-20 05:00:00,0.152157,0.75801
57,2016-09-20 05:00:00,0.152253,0.758145
58,2016-09-20 05:00:00,0.152152,0.758004
59,2016-09-20 05:00:00,0.152181,0.758044
60,2016-09-20 05:00:00,0.152194,0.758062
61,2016-09-20 05:00:00,0.152282,0.758184
62,2016-09-20 05:00:00,0.152098,0.757929
63,2016-09-20 05:00:00,0.152099,0.75793
66,2016-09-20 05:00:00,0.152523,0.758519
106,2016-09-20 05:00:00,0.152295,0.758203
107,2016-09-20 05:00:00,0.152246,0.758134
108,2016-09-20 05:00:00,0.15235,0.75828
109,2016-09-20 05:00:00,0.152025,0.757827
110,2016-09-20 05:00:00,0.152202,0.758073
111,2016-09-20 05:00:00,0.15211,0.757945
112,2016-09-20 05:00:00,0.152192,0.75806
113,2016-09-20 05:00:00,0.152168,0.758025
114,2016-09-20 05:00:00,0.152267,0.758163
115,2016-09-20 05:00:00,0.152175,0.758036
116,2016-09-20 05:00:00,0.152093,0.757922
117,2016-09-20 05:00:00,0.152181,0.758044
158,2016-09-20 05:00:00,0.160212,0.769088
159,2016-09-20 05:00:00,0.050012,0.595022
160,2016-09-20 05:00:00,0.152351,0.75828
161,2016-09-20 05:00:00,0.152138,0.757984
162,2016-09-20 05:00:00,0.152244,0.758131
163,2016-09-20 05:00:00,0.152078,0.757901
164,2016-09-20 05:00:00,0.152169,0.758027
165,2016-09-20 05:00:00,0.152007,0.757801
166,2016-09-20 05:00:00,0.152119,0.757958
167,2016-09-20 05:00:00,0.194397,0.813213
168,2016-09-20 05:00:00,0.259838,0.884645
169,2016-09-20 05:00:00,0.152211,0.758086
170,2016-09-20 05:00:00,0.15226,0.758154
208,2016-09-20 05:00:00,0.170379,0.7827
209,2016-09-20 05:00:00,0.088585,0.661476
210,2016-09-20 05:00:00,0.014139,0.527879
211,2016-09-20 05:00:00,0.02078,0.540696
212,2016-09-20 05:00:00,0.152214,0.75809
213,2016-09-20 05:00:00,0.152159,0.758013
214,2016-09-20 05:00:00,0.152119,0.757958
215,2016-09-20 05:00:00,0.152226,0.758107
216,2016-09-20 05:00:00,0.152432,0.758393
217,2016-09-20 05:00:00,0.496514,0.999976
218,2016-09-20 05:00:00,0.152291,0.758197
219,2016-09-20 05:00:00,0.152225,0.758105
220,2016-09-20 05:00:00,0.152012,0.757808
221,2016-09-20 05:00:00,0.15213,0.757973
222,2016-09-20 05:00:00,0.152205,0.758078
223,2016-09-20 05:00:00,0.15212,0.757959
224,2016-09-20 05:00:00,0.152302,0.758212
258,2016-09-20 05:00:00,0.152163,0.758018
259,2016-09-20 05:00:00,0.004805,0.509564
260,2016-09-20 05:00:00,0.00356,0.507096
261,2016-09-20 05:00:00,0.017524,0.534434
262,2016-09-20 05:00:00,0.082426,0.651263
263,2016-09-20 05:00:00,1.0,0.500001
264,2016-09-20 05:00:00,0.152142,0.75799
265,2016-09-20 05:00:00,0.152163,0.758019
266,2016-09-20 05:00:00,0.152442,0.758406
267,2016-09-20 05:00:00,0.074309,0.637574
268,2016-09-20 05:00:00,0.028516,0.555406
269,2016-09-20 05:00:00,0.152215,0.758092
270,2016-09-20 05:00:00,0.152324,0.758243
271,2016-09-20 05:00:00,0.152166,0.758023
272,2016-09-20 05:00:00,0.152212,0.758087
273,2016-09-20 05:00:00,0.152238,0.758123
274,2016-09-20 05:00:00,0.152169,0.758027
275,2016-09-20 05:00:00,0.152224,0.758103
276,2016-09-20 05:00:00,0.152388,0.758332
277,2016-09-20 05:00:00,0.152205,0.758078
278,2016-09-20 05:00:00,0.152258,0.758151
279,2016-09-20 05:00:00,0.152292,0.758199
280,2016-09-20 05:00:00,0.152133,0.757977
308,2016-09-20 05:00:00,0.152084,0.757909
309,2016-09-20 05:00:00,0.152543,0.758547
310,2016-09-20 05:00:00,0.152191,0.758058
311,2016-09-20 05:00:00,0.152084,0.757909
312,2016-09-20 05:00:00,0.152118,0.757956
313,2016-09-20 05:00:00,0.995124,0.509704
314,2016-09-20 05:00:00,0.008726,0.517299
315,2016-09-20 05:00:00,0.815301,0.801171
316,2016-09-20 05:00:00,0.152105,0.757938
317,2016-09-20 05:00:00,0.438266,0.992378
318,2016-09-20 05:00:00,0.15233,0.758251
319,2016-09-20 05:00:00,0.15209,0.757917
320,2016-09-20 05:00:00,0.15222,0.758098
321,2016-09-20 05:00:00,0.152146,0.757995
322,2016-09-20 05:00:00,0.152179,0.758041
323,2016-09-20 05:00:00,0.152032,0.757837
324,2016-09-20 05:00:00,0.152273,0.758172
325,2016-09-20 05:00:00,0.152134,0.757979
326,2016-09-20 05:00:00,0.152246,0.758135
327,2016-09-20 05:00:00,0.030475,0.559093
328,2016-09-20 05:00:00,0.152227,0.758108
329,2016-09-20 05:00:00,0.15223,0.758112
330,2016-09-20 05:00:00,0.152093,0.757921
360,2016-09-20 05:00:00,0.152082,0.757906
361,2016-09-20 05:00:00,0.152202,0.758073
362,2016-09-20 05:00:00,0.152458,0.758429
363,2016-09-20 05:00:00,0.152172,0.758032
364,2016-09-20 05:00:00,0.019511,0.538261
365,2016-09-20 05:00:00,0.09705,0.675262
366,2016-09-20 05:00:00,0.011071,0.521897
367,2016-09-20 05:00:00,0.19303,0.811539
368,2016-09-20 05:00:00,0.152208,0.758081
369,2016-09-20 05:00:00,0.152377,0.758317
370,2016-09-20 05:00:00,0.152296,0.758204
371,2016-09-20 05:00:00,0.152204,0.758075
372,2016-09-20 05:00:00,0.152308,0.758221
373,2016-09-20 05:00:00,0.152096,0.757926
374,2016-09-20 05:00:00,0.152083,0.757907
375,2016-09-20 05:00:00,0.152,0.757793
376,2016-09-20 05:00:00,0.152032,0.757836
377,2016-09-20 05:00:00,0.021603,0.542273
378,2016-09-20 05:00:00,0.152015,0.757812
379,2016-09-20 05:00:00,0.152305,0.758217
380,2016-09-20 05:00:00,0.152029,0.757832
381,2016-09-20 05:00:00,1.0,0.5
382,2016-09-20 05:00:00,0.152225,0.758105
410,2016-09-20 05:00:00,0.06065,0.613942
411,2016-09-20 05:00:00,0.843819,0.763578
412,2016-09-20 05:00:00,0.007689,0.51526
413,2016-09-20 05:00:00,0.124438,0.717907
414,2016-09-20 05:00:00,0.10609,0.689669
415,2016-09-20 05:00:00,0.007679,0.51524
416,2016-09-20 05:00:00,0.010543,0.520864
417,2016-09-20 05:00:00,0.12583,0.719993
418,2016-09-20 05:00:00,0.015951,0.531392
419,2016-09-20 05:00:00,0.152264,0.758159
420,2016-09-20 05:00:00,0.152223,0.758102
421,2016-09-20 05:00:00,0.152087,0.757913
422,2016-09-20 05:00:00,0.152172,0.758031
423,2016-09-20 05:00:00,0.15221,0.758085
424,2016-09-20 05:00:00,0.152289,0.758194
425,2016-09-20 05:00:00,0.152531,0.758531
426,2016-09-20 05:00:00,0.152586,0.758607
427,2016-09-20 05:00:00,0.015363,0.530254
428,2016-09-20 05:00:00,0.01059,0.520956
429,2016-09-20 05:00:00,0.010638,0.521049
430,2016-09-20 05:00:00,0.105317,0.68845
431,2016-09-20 05:00:00,0.082745,0.651797
432,2016-09-20 05:00:00,0.152161,0.758015
433,2016-09-20 05:00:00,0.15202,0.75782
434,2016-09-20 05:00:00,0.152064,0.757881
435,2016-09-20 05:00:00,0.152325,0.758244
461,2016-09-20 05:00:00,0.008959,0.517758
462,2016-09-20 05:00:00,0.020434,0.540033
463,2016-09-20 05:00:00,0.006564,0.513041
464,2016-09-20 05:00:00,0.035724,0.568897
465,2016-09-20 05:00:00,0.012042,0.523794
466,2016-09-20 05:00:00,0.007839,0.515554
467,2016-09-20 05:00:00,0.030072,0.558336
468,2016-09-20 05:00:00,0.00174,0.503475
469,2016-09-20 05:00:00,0.151915,0.757674
470,2016-09-20 05:00:00,0.152294,0.758201
471,2016-09-20 05:00:00,0.152031,0.757836
472,2016-09-20 05:00:00,0.152234,0.758118
473,2016-09-20 05:00:00,0.152145,0.757993
474,2016-09-20 05:00:00,0.152322,0.758241
475,2016-09-20 05:00:00,0.152189,0.758054
476,2016-09-20 05:00:00,0.152297,0.758205
477,2016-09-20 05:00:00,0.092462,0.667825
478,2016-09-20 05:00:00,0.757092,0.867807
479,2016-09-20 05:00:00,0.009048,0.517933
480,2016-09-20 05:00:00,0.054468,0.603003
481,2016-09-20 05:00:00,0.15204,0.757848
482,2016-09-20 05:00:00,0.152249,0.758139
483,2016-09-20 05:00:00,0.152237,0.758122
484,2016-09-20 05:00:00,0.152218,0.758095
485,2016-09-20 05:00:00,0.152052,0.757864
486,2016-09-20 05:00:00,0.152349,0.758277
511,2016-09-20 05:00:00,0.152241,0.758127
512,2016-09-20 05:00:00,0.066256,0.623733
513,2016-09-20 05:00:00,0.074326,0.637603
514,2016-09-20 05:00:00,0.032628,0.563127
515,2016-09-20 05:00:00,0.128728,0.724314
516,2016-09-20 05:00:00,0.031531,0.561074
517,2016-09-20 05:00:00,0.052554,0.599584
518,2016-09-20 05:00:00,0.011621,0.522972
519,2016-09-20 05:00:00,0.012834,0.525338
520,2016-09-20 05:00:00,0.045335,0.58656
521,2016-09-20 05:00:00,0.152256,0.758148
522,2016-09-20 05:00:00,0.152501,0.758488
523,2016-09-20 05:00:00,0.152194,0.758061
524,2016-09-20 05:00:00,0.152211,0.758085
525,2016-09-20 05:00:00,0.152218,0.758095
526,2016-09-20 05:00:00,0.152308,0.758221
527,2016-09-20 05:00:00,0.063558,0.619037
528,2016-09-20 05:00:00,0.714561,0.907927
529,2016-09-20 05:00:00,0.007432,0.514754
530,2016-09-20 05:00:00,0.004924,0.5098
531,2016-09-20 05:00:00,0.010638,0.52105
532,2016-09-20 05:00:00,0.010681,0.521134
533,2016-09-20 05:00:00,0.152251,0.758141
534,2016-09-20 05:00:00,0.152103,0.757935
535,2016-09-20 05:00:00,0.152218,0.758095
536,2016-09-20 05:00:00,0.152224,0.758103
537,2016-09-20 05:00:00,0.152272,0.75817
562,2016-09-20 05:00:00,0.007064,0.514028
563,2016-09-20 05:00:00,0.799366,0.82076
564,2016-09-20 05:00:00,0.009445,0.518711
565,2016-09-20 05:00:00,0.004975,0.509901
566,2016-09-20 05:00:00,0.15201,0.757806
567,2016-09-20 05:00:00,0.005986,0.511901
568,2016-09-20 05:00:00,0.014784,0.52913
569,2016-09-20 05:00:00,0.016425,0.532311
570,2016-09-20 05:00:00,0.00087,0.501738
571,2016-09-20 05:00:00,0.019342,0.537936
572,2016-09-20 05:00:00,0.08459,0.654869
573,2016-09-20 05:00:00,0.004924,0.5098
574,2016-09-20 05:00:00,0.152195,0.758063
575,2016-09-20 05:00:00,0.152153,0.758005
576,2016-09-20 05:00:00,0.15217,0.758029
577,2016-09-20 05:00:00,0.493384,0.999912
578,2016-09-20 05:00:00,0.004924,0.5098
579,2016-09-20 05:00:00,0.010693,0.521157
580,2016-09-20 05:00:00,0.004376,0.508713
581,2016-09-20 05:00:00,0.01247,0.524629
582,2016-09-20 05:00:00,0.01361,0.52685
583,2016-09-20 05:00:00,0.152199,0.758069
584,2016-09-20 05:00:00,0.152318,0.758234
585,2016-09-20 05:00:00,0.152074,0.757895
586,2016-09-20 05:00:00,0.152105,0.757938
611,2016-09-20 05:00:00,0.152184,0.758048
612,2016-09-20 05:00:00,0.003695,0.507362
613,2016-09-20 05:00:00,0.010815,0.521396
614,2016-09-20 05:00:00,0.001496,0.502988
615,2016-09-20 05:00:00,0.004072,0.508111
616,2016-09-20 05:00:00,0.030343,0.558845
617,2016-09-20 05:00:00,0.006383,0.512685
618,2016-09-20 05:00:00,0.011639,0.523007
619,2016-09-20 05:00:00,0.002208,0.504406
620,2016-09-20 05:00:00,0.004785,0.509524
621,2016-09-20 05:00:00,0.152002,0.757795
622,2016-09-20 05:00:00,0.005071,0.51009
623,2016-09-20 05:00:00,0.001854,0.503701
624,2016-09-20 05:00:00,0.015332,0.530193
625,2016-09-20 05:00:00,0.002105,0.504202
626,2016-09-20 05:00:00,0.003899,0.507768
627,2016-09-20 05:00:00,0.012838,0.525347
628,2016-09-20 05:00:00,0.003776,0.507522
629,2016-09-20 05:00:00,0.152061,0.757877
630,2016-09-20 05:00:00,0.011201,0.52215
631,2016-09-20 05:00:00,0.164252,0.774547
632,2016-09-20 05:00:00,0.152103,0.757936
633,2016-09-20 05:00:00,0.152375,0.758314
634,2016-09-20 05:00:00,0.152222,0.758101
635,2016-09-20 05:00:00,0.152277,0.758177
636,2016-09-20 05:00:00,0.152003,0.757796
637,2016-09-20 05:00:00,0.152,0.757792
661,2016-09-20 05:00:00,0.152127,0.757969
662,2016-09-20 05:00:00,0.008709,0.517267
663,2016-09-20 05:00:00,0.078953,0.645438
664,2016-09-20 05:00:00,0.011081,0.521917
665,2016-09-20 05:00:00,0.004681,0.509317
666,2016-09-20 05:00:00,0.014001,0.527609
667,2016-09-20 05:00:00,0.102416,0.683854
668,2016-09-20 05:00:00,0.016781,0.532999
669,2016-09-20 05:00:00,0.020812,0.540757
670,2016-09-20 05:00:00,0.152024,0.757826
671,2016-09-20 05:00:00,0.152255,0.758147
672,2016-09-20 05:00:00,0.152071,0.757891
673,2016-09-20 05:00:00,0.011006,0.521769
674,2016-09-20 05:00:00,0.008992,0.517823
675,2016-09-20 05:00:00,0.015964,0.531419
676,2016-09-20 05:00:00,0.016376,0.532215
677,2016-09-20 05:00:00,0.001905,0.503804
678,2016-09-20 05:00:00,0.024548,0.547891
679,2016-09-20 05:00:00,0.007722,0.515324
680,2016-09-20 05:00:00,0.031845,0.561661
681,2016-09-20 05:00:00,0.032238,0.562397
682,2016-09-20 05:00:00,0.002121,0.504233
683,2016-09-20 05:00:00,0.00343,0.506837
684,2016-09-20 05:00:00,0.012663,0.525006
685,2016-09-20 05:00:00,0.001485,0.502966
686,2016-09-20 05:00:00,0.166086,0.777003
687,2016-09-20 05:00:00,0.152114,0.757951
688,2016-09-20 05:00:00,0.152232,0.758115
689,2016-09-20 05:00:00,0.152522,0.758518
690,2016-09-20 05:00:00,0.152095,0.757925
691,2016-09-20 05:00:00,0.15205,0.757862
711,2016-09-20 05:00:00,0.152044,0.757853
712,2016-09-20 05:00:00,0.002235,0.50446
713,2016-09-20 05:00:00,0.002745,0.505475
714,2016-09-20 05:00:00,0.007538,0.514962
715,2016-09-20 05:00:00,0.152233,0.758116
716,2016-09-20 05:00:00,0.152221,0.7581
717,2016-09-20 05:00:00,0.152204,0.758076
718,2016-09-20 05:00:00,0.005344,0.510631
719,2016-09-20 05:00:00,0.003775,0.507521
720,2016-09-20 05:00:00,0.000555,0.501109
721,2016-09-20 05:00:00,0.008268,0.516399
722,2016-09-20 05:00:00,0.006181,0.512286
723,2016-09-20 05:00:00,0.014004,0.527616
724,2016-09-20 05:00:00,0.016061,0.531607
725,2016-09-20 05:00:00,0.050546,0.595983
726,2016-09-20 05:00:00,0.011074,0.521903
727,2016-09-20 05:00:00,0.01939,0.538027
728,2016-09-20 05:00:00,0.00076,0.50152
729,2016-09-20 05:00:00,0.027395,0.55329
730,2016-09-20 05:00:00,0.000814,0.501627
731,2016-09-20 05:00:00,0.00257,0.505128
732,2016-09-20 05:00:00,0.028553,0.555476
733,2016-09-20 05:00:00,0.065895,0.623105
734,2016-09-20 05:00:00,0.004337,0.508637
735,2016-09-20 05:00:00,0.004142,0.508249
736,2016-09-20 05:00:00,0.152125,0.757966
737,2016-09-20 05:00:00,0.152111,0.757947
738,2016-09-20 05:00:00,0.005212,0.51037
739,2016-09-20 05:00:00,0.001233,0.502463
740,2016-09-20 05:00:00,0.1522,0.75807
741,2016-09-20 05:00:00,0.152296,0.758204
742,2016-09-20 05:00:00,0.152347,0.758275
761,2016-09-20 05:00:00,0.152369,0.758306
762,2016-09-20 05:00:00,0.003191,0.506362
763,2016-09-20 05:00:00,0.027236,0.552989
764,2016-09-20 05:00:00,0.080204,0.647542
765,2016-09-20 05:00:00,0.001284,0.502565
766,2016-09-20 05:00:00,0.151995,0.757786
767,2016-09-20 05:00:00,0.152307,0.758219
768,2016-09-20 05:00:00,0.004869,0.509691
769,2016-09-20 05:00:00,0.999965,0.500069
770,2016-09-20 05:00:00,0.007627,0.515138
771,2016-09-20 05:00:00,0.032471,0.562833
772,2016-09-20 05:00:00,0.306906,0.925429
773,2016-09-20 05:00:00,0.102624,0.684184
774,2016-09-20 05:00:00,0.004924,0.5098
775,2016-09-20 05:00:00,0.010751,0.521271
776,2016-09-20 05:00:00,0.0145,0.528579
777,2016-09-20 05:00:00,0.02203,0.543089
778,2016-09-20 05:00:00,0.019019,0.537314
779,2016-09-20 05:00:00,0.053241,0.600813
780,2016-09-20 05:00:00,0.014992,0.529534
781,2016-09-20 05:00:00,0.094345,0.670888
782,2016-09-20 05:00:00,0.02418,0.54719
783,2016-09-20 05:00:00,0.015495,0.530509
784,2016-09-20 05:00:00,0.017982,0.535317
785,2016-09-20 05:00:00,0.008935,0.517711
786,2016-09-20 05:00:00,0.152249,0.758138
787,2016-09-20 05:00:00,0.074375,0.637687
788,2016-09-20 05:00:00,0.041473,0.579506
789,2016-09-20 05:00:00,1.0,0.5
790,2016-09-20 05:00:00,0.036209,0.569795
791,2016-09-20 05:00:00,0.152086,0.757912
811,2016-09-20 05:00:00,0.008157,0.516181
812,2016-09-20 05:00:00,0.086173,0.657495
813,2016-09-20 05:00:00,0.001813,0.503619
814,2016-09-20 05:00:00,0.014874,0.529306
815,2016-09-20 05:00:00,0.009877,0.519559
816,2016-09-20 05:00:00,0.013664,0.526954
817,2016-09-20 05:00:00,0.034295,0.566238
818,2016-09-20 05:00:00,0.005154,0.510255
819,2016-09-20 05:00:00,0.020466,0.540094
820,2016-09-20 05:00:00,0.037172,0.571581
821,2016-09-20 05:00:00,0.008119,0.516107
822,2016-09-20 05:00:00,0.087801,0.660184
823,2016-09-20 05:00:00,0.064497,0.620675
824,2016-09-20 05:00:00,0.007392,0.514675
825,2016-09-20 05:00:00,0.024173,0.547177
826,2016-09-20 05:00:00,0.02002,0.539238
827,2016-09-20 05:00:00,0.06057,0.613803
828,2016-09-20 05:00:00,0.017628,0.534635
829,2016-09-20 05:00:00,0.017948,0.535252
830,2016-09-20 05:00:00,0.021106,0.541321
831,2016-09-20 05:00:00,0.040293,0.577339
832,2016-09-20 05:00:00,0.041265,0.579124
833,2016-09-20 05:00:00,0.02657,0.551729
834,2016-09-20 05:00:00,0.010633,0.52104
835,2016-09-20 05:00:00,0.006016,0.511959
836,2016-09-20 05:00:00,0.009386,0.518596
837,2016-09-20 05:00:00,0.066741,0.624573
838,2016-09-20 05:00:00,0.152234,0.758118
839,2016-09-20 05:00:00,0.151624,0.757269
840,2016-09-20 05:00:00,0.018632,0.536569
841,2016-09-20 05:00:00,0.152124,0.757965
861,2016-09-20 05:00:00,0.005662,0.51126
862,2016-09-20 05:00:00,0.003689,0.507351
863,2016-09-20 05:00:00,0.099278,0.678844
864,2016-09-20 05:00:00,0.035802,0.569041
865,2016-09-20 05:00:00,0.003464,0.506904
866,2016-09-20 05:00:00,0.006365,0.51265
867,2016-09-20 05:00:00,0.004449,0.508858
868,2016-09-20 05:00:00,0.025219,0.549167
869,2016-09-20 05:00:00,0.014674,0.528916
870,2016-09-20 05:00:00,0.026841,0.552241
871,2016-09-20 05:00:00,0.012833,0.525337
872,2016-09-20 05:00:00,0.011908,0.523532
873,2016-09-20 05:00:00,0.018189,0.535716
874,2016-09-20 05:00:00,0.029827,0.557875
875,2016-09-20 05:00:00,0.027172,0.552867
876,2016-09-20 05:00:00,0.035186,0.567896
877,2016-09-20 05:00:00,0.06868,0.627926
878,2016-09-20 05:00:00,0.041009,0.578654
879,2016-09-20 05:00:00,0.013285,0.526217
880,2016-09-20 05:00:00,0.010927,0.521615
881,2016-09-20 05:00:00,0.029095,0.556496
882,2016-09-20 05:00:00,0.025511,0.549721
883,2016-09-20 05:00:00,0.021277,0.541648
884,2016-09-20 05:00:00,0.014514,0.528607
885,2016-09-20 05:00:00,0.151048,0.756465
886,2016-09-20 05:00:00,0.025719,0.550114
887,2016-09-20 05:00:00,0.005196,0.510338
888,2016-09-20 05:00:00,0.008432,0.516722
889,2016-09-20 05:00:00,0.152093,0.757922
890,2016-09-20 05:00:00,0.071612,0.632968
891,2016-09-20 05:00:00,0.152061,0.757877
912,2016-09-20 05:00:00,0.152708,0.758776
913,2016-09-20 05:00:00,0.010693,0.521158
914,2016-09-20 05:00:00,0.001395,0.502787
915,2016-09-20 05:00:00,0.152222,0.758101
916,2016-09-20 05:00:00,0.011374,0.52249
917,2016-09-20 05:00:00,0.034265,0.566182
918,2016-09-20 05:00:00,0.042278,0.580981
919,2016-09-20 05:00:00,0.069054,0.628571
920,2016-09-20 05:00:00,0.029127,0.556557
921,2016-09-20 05:00:00,0.009079,0.517993
922,2016-09-20 05:00:00,0.029154,0.556608
923,2016-09-20 05:00:00,0.032303,0.562518
924,2016-09-20 05:00:00,0.00571,0.511356
925,2016-09-20 05:00:00,0.012058,0.523824
926,2016-09-20 05:00:00,0.029078,0.556464
927,2016-09-20 05:00:00,0.103807,0.686063
928,2016-09-20 05:00:00,0.108528,0.693499
929,2016-09-20 05:00:00,0.184105,0.800421
930,2016-09-20 05:00:00,0.162939,0.77278
931,2016-09-20 05:00:00,0.130819,0.727411
932,2016-09-20 05:00:00,0.097751,0.676392
933,2016-09-20 05:00:00,0.019191,0.537646
934,2016-09-20 05:00:00,0.236945,0.861604
935,2016-09-20 05:00:00,0.032343,0.562594
936,2016-09-20 05:00:00,0.028826,0.555991
937,2016-09-20 05:00:00,0.039014,0.574984
938,2016-09-20 05:00:00,0.005455,0.51085
939,2016-09-20 05:00:00,0.152302,0.758212
940,2016-09-20 05:00:00,0.15198,0.757765
941,2016-09-20 05:00:00,0.15219,0.758056
942,2016-09-20 05:00:00,0.152199,0.758069
962,2016-09-20 05:00:00,0.053649,0.601541
963,2016-09-20 05:00:00,0.016953,0.533332
964,2016-09-20 05:00:00,0.181952,0.797691
965,2016-09-20 05:00:00,0.029322,0.556925
966,2016-09-20 05:00:00,0.170018,0.782223
967,2016-09-20 05:00:00,0.00568,0.511295
968,2016-09-20 05:00:00,0.024707,0.548194
969,2016-09-20 05:00:00,0.00423,0.508424
970,2016-09-20 05:00:00,0.051204,0.597165
971,2016-09-20 05:00:00,0.018689,0.536679
972,2016-09-20 05:00:00,0.022445,0.543882
973,2016-09-20 05:00:00,0.01849,0.536296
974,2016-09-20 05:00:00,0.010164,0.52012
975,2016-09-20 05:00:00,0.011842,0.523404
976,2016-09-20 05:00:00,0.106447,0.690232
977,2016-09-20 05:00:00,0.203646,0.824349
978,2016-09-20 05:00:00,0.009231,0.518292
979,2016-09-20 05:00:00,0.013517,0.526669
980,2016-09-20 05:00:00,0.002992,0.505966
981,2016-09-20 05:00:00,0.026917,0.552385
982,2016-09-20 05:00:00,0.035366,0.56823
983,2016-09-20 05:00:00,0.068976,0.628436
984,2016-09-20 05:00:00,0.087594,0.659843
985,2016-09-20 05:00:00,0.023928,0.546712
986,2016-09-20 05:00:00,0.054014,0.602193
987,2016-09-20 05:00:00,0.031403,0.560834
988,2016-09-20 05:00:00,0.002683,0.505351
989,2016-09-20 05:00:00,0.008147,0.516161
990,2016-09-20 05:00:00,0.201783,0.822134
991,2016-09-20 05:00:00,0.000639,0.501276
992,2016-09-20 05:00:00,0.0096,0.519016
993,2016-09-20 05:00:00,0.152107,0.757941
1008,2016-09-20 05:00:00,0.152135,0.75798
1009,2016-09-20 05:00:00,0.152051,0.757862
1013,2016-09-20 05:00:00,0.013292,0.526232
1014,2016-09-20 05:00:00,0.013025,0.52571
1015,2016-09-20 05:00:00,0.009504,0.518827
1016,2016-09-20 05:00:00,0.131439,0.728326
1017,2016-09-20 05:00:00,0.015937,0.531365
1018,2016-09-20 05:00:00,0.152149,0.757999
1019,2016-09-20 05:00:00,0.152308,0.75822
1020,2016-09-20 05:00:00,0.00433,0.508623
1021,2016-09-20 05:00:00,0.01823,0.535795
1022,2016-09-20 05:00:00,0.027221,0.552959
1023,2016-09-20 05:00:00,0.140047,0.740868
1024,2016-09-20 05:00:00,0.010072,0.519941
1025,2016-09-20 05:00:00,0.006149,0.512222
1026,2016-09-20 05:00:00,0.00398,0.507927
1027,2016-09-20 05:00:00,0.362386,0.962125
1028,2016-09-20 05:00:00,0.013929,0.527471
1029,2016-09-20 05:00:00,0.017242,0.533889
1030,2016-09-20 05:00:00,0.004061,0.508088
1031,2016-09-20 05:00:00,0.006069,0.512065
1032,2016-09-20 05:00:00,0.06043,0.613556
1033,2016-09-20 05:00:00,0.021861,0.542766
1034,2016-09-20 05:00:00,0.024306,0.54743
1035,2016-09-20 05:00:00,0.047745,0.590931
1036,2016-09-20 05:00:00,0.037322,0.571858
1037,2016-09-20 05:00:00,0.052728,0.599895
1038,2016-09-20 05:00:00,0.064807,0.621214
1039,2016-09-20 05:00:00,0.112721,0.70003
1040,2016-09-20 05:00:00,0.06342,0.618796
1041,2016-09-20 05:00:00,0.004847,0.509647
1042,2016-09-20 05:00:00,0.062955,0.617983
1043,2016-09-20 05:00:00,0.152191,0.758058
1054,2016-09-20 05:00:00,0.152415,0.758369
1055,2016-09-20 05:00:00,0.152212,0.758088
1056,2016-09-20 05:00:00,0.152083,0.757908
1057,2016-09-20 05:00:00,0.152167,0.758024
1058,2016-09-20 05:00:00,0.152023,0.757825
1059,2016-09-20 05:00:00,0.152319,0.758235
1060,2016-09-20 05:00:00,0.152199,0.758069
1061,2016-09-20 05:00:00,0.1522,0.75807
1062,2016-09-20 05:00:00,0.006101,0.512127
1063,2016-09-20 05:00:00,0.00731,0.514513
1064,2016-09-20 05:00:00,0.028486,0.55535
1065,2016-09-20 05:00:00,0.032439,0.562774
1066,2016-09-20 05:00:00,0.0014,0.502795
1067,2016-09-20 05:00:00,0.016671,0.532786
1068,2016-09-20 05:00:00,0.047438,0.590375
1069,2016-09-20 05:00:00,0.026932,0.552413
1070,2016-09-20 05:00:00,0.032957,0.563742
1071,2016-09-20 05:00:00,0.029121,0.556546
1072,2016-09-20 05:00:00,0.20553,0.826575
1073,2016-09-20 05:00:00,0.10532,0.688456
1074,2016-09-20 05:00:00,0.056572,0.606742
1075,2016-09-20 05:00:00,0.034993,0.567538
1076,2016-09-20 05:00:00,0.013999,0.527606
1077,2016-09-20 05:00:00,0.031881,0.56173
1078,2016-09-20 05:00:00,0.024574,0.54794
1079,2016-09-20 05:00:00,0.04438,0.584822
1080,2016-09-20 05:00:00,0.005525,0.51099
1081,2016-09-20 05:00:00,0.009331,0.518487
1082,2016-09-20 05:00:00,0.035073,0.567685
1083,2016-09-20 05:00:00,0.066668,0.624447
1084,2016-09-20 05:00:00,0.097004,0.675189
1085,2016-09-20 05:00:00,0.05408,0.60231
1086,2016-09-20 05:00:00,0.090175,0.664087
1087,2016-09-20 05:00:00,0.026893,0.55234
1088,2016-09-20 05:00:00,0.275963,0.899615
1089,2016-09-20 05:00:00,0.129263,0.725109
1090,2016-09-20 05:00:00,0.046313,0.588337
1091,2016-09-20 05:00:00,0.021309,0.54171
1092,2016-09-20 05:00:00,0.006686,0.513282
1093,2016-09-20 05:00:00,0.152259,0.758152
1094,2016-09-20 05:00:00,0.152178,0.75804
1095,2016-09-20 05:00:00,0.152176,0.758037
1104,2016-09-20 05:00:00,0.152376,0.758315
1105,2016-09-20 05:00:00,0.152141,0.757989
1106,2016-09-20 05:00:00,0.152162,0.758018
1107,2016-09-20 05:00:00,0.15221,0.758085
1108,2016-09-20 05:00:00,0.152025,0.757827
1109,2016-09-20 05:00:00,0.152254,0.758146
1110,2016-09-20 05:00:00,0.15211,0.757944
1111,2016-09-20 05:00:00,0.152385,0.758328
1112,2016-09-20 05:00:00,0.033073,0.563958
1113,2016-09-20 05:00:00,0.053617,0.601485
1114,2016-09-20 05:00:00,0.174901,0.788622
1115,2016-09-20 05:00:00,0.128778,0.724389
1116,2016-09-20 05:00:00,0.084678,0.655015
1117,2016-09-20 05:00:00,0.043952,0.58404
1118,2016-09-20 05:00:00,0.013568,0.526767
1119,2016-09-20 05:00:00,0.01754,0.534464
1120,2016-09-20 05:00:00,0.067155,0.625291
1121,2016-09-20 05:00:00,0.072254,0.634066
1122,2016-09-20 05:00:00,0.176355,0.790508
1123,2016-09-20 05:00:00,0.055595,0.605009
1124,2016-09-20 05:00:00,0.151704,0.75738
1125,2016-09-20 05:00:00,0.145971,0.749327
1126,2016-09-20 05:00:00,0.000906,0.501811
1127,2016-09-20 05:00:00,0.017904,0.535168
1128,2016-09-20 05:00:00,0.079767,0.646808
1129,2016-09-20 05:00:00,0.027375,0.553251
1130,2016-09-20 05:00:00,0.029773,0.557773
1131,2016-09-20 05:00:00,0.076436,0.641187
1132,2016-09-20 05:00:00,0.057095,0.60767
1133,2016-09-20 05:00:00,0.023013,0.544967
1134,2016-09-20 05:00:00,0.034882,0.56733
1135,2016-09-20 05:00:00,0.020761,0.540661
1136,2016-09-20 05:00:00,0.031065,0.560201
1137,2016-09-20 05:00:00,0.022598,0.544175
1138,2016-09-20 05:00:00,0.078399,0.644505
1139,2016-09-20 05:00:00,0.046421,0.588531
1140,2016-09-20 05:00:00,0.013516,0.526667
1141,2016-09-20 05:00:00,0.002436,0.504861
1142,2016-09-20 05:00:00,0.001854,0.503702
1143,2016-09-20 05:00:00,0.152412,0.758365
1144,2016-09-20 05:00:00,0.152227,0.758108
1145,2016-09-20 05:00:00,0.152209,0.758083
1154,2016-09-20 05:00:00,0.152166,0.758023
1155,2016-09-20 05:00:00,0.15213,0.757973
1156,2016-09-20 05:00:00,0.152243,0.75813
1157,2016-09-20 05:00:00,0.152303,0.758214
1158,2016-09-20 05:00:00,0.166581,0.777664
1159,2016-09-20 05:00:00,0.09903,0.678446
1160,2016-09-20 05:00:00,0.151943,0.757712
1161,2016-09-20 05:00:00,0.032479,0.562849
1162,2016-09-20 05:00:00,0.048767,0.592778
1163,2016-09-20 05:00:00,0.015371,0.530269
1164,2016-09-20 05:00:00,0.00538,0.510702
1165,2016-09-20 05:00:00,0.01312,0.525897
1166,2016-09-20 05:00:00,0.077956,0.643758
1167,2016-09-20 05:00:00,0.005613,0.511163
1168,2016-09-20 05:00:00,0.0196,0.538431
1169,2016-09-20 05:00:00,0.019678,0.538582
1170,2016-09-20 05:00:00,0.084589,0.654867
1171,2016-09-20 05:00:00,0.038046,0.573198
1172,2016-09-20 05:00:00,0.036494,0.570325
1173,2016-09-20 05:00:00,0.06552,0.622454
1174,2016-09-20 05:00:00,0.00647,0.512857
1175,2016-09-20 05:00:00,0.001592,0.503178
1176,2016-09-20 05:00:00,0.052647,0.59975
1177,2016-09-20 05:00:00,0.007264,0.514423
1178,2016-09-20 05:00:00,0.035587,0.568641
1179,2016-09-20 05:00:00,0.003959,0.507888
1180,2016-09-20 05:00:00,0.036595,0.570512
1181,2016-09-20 05:00:00,0.018566,0.536443
1182,2016-09-20 05:00:00,0.009226,0.518283
1183,2016-09-20 05:00:00,0.064518,0.620711
1184,2016-09-20 05:00:00,0.041134,0.578884
1185,2016-09-20 05:00:00,0.048702,0.59266
1186,2016-09-20 05:00:00,0.043909,0.583963
1187,2016-09-20 05:00:00,0.065854,0.623035
1188,2016-09-20 05:00:00,0.05834,0.609874
1189,2016-09-20 05:00:00,0.025677,0.550035
1190,2016-09-20 05:00:00,0.017844,0.535051
1191,2016-09-20 05:00:00,0.0557,0.605195
1192,2016-09-20 05:00:00,0.013446,0.52653
1193,2016-09-20 05:00:00,0.122136,0.714438
1194,2016-09-20 05:00:00,0.070037,0.630263
1195,2016-09-20 05:00:00,0.014698,0.528964
1196,2016-09-20 05:00:00,0.152253,0.758144
1197,2016-09-20 05:00:00,0.15208,0.757904
1204,2016-09-20 05:00:00,0.152087,0.757913
1205,2016-09-20 05:00:00,0.152095,0.757924
1206,2016-09-20 05:00:00,0.152265,0.758161
1207,2016-09-20 05:00:00,0.152303,0.758214
1208,2016-09-20 05:00:00,0.100862,0.681378
1209,2016-09-20 05:00:00,0.062844,0.617789
1210,2016-09-20 05:00:00,0.027255,0.553024
1211,2016-09-20 05:00:00,0.04169,0.579903
1212,2016-09-20 05:00:00,0.020531,0.540218
1213,2016-09-20 05:00:00,0.010692,0.521155
1214,2016-09-20 05:00:00,0.002856,0.505696
1215,2016-09-20 05:00:00,0.047256,0.590045
1216,2016-09-20 05:00:00,0.035282,0.568075
1217,2016-09-20 05:00:00,0.053724,0.601676
1218,2016-09-20 05:00:00,0.009889,0.519583
1219,2016-09-20 05:00:00,0.021945,0.542928
1220,2016-09-20 05:00:00,0.084225,0.654262
1221,2016-09-20 05:00:00,0.048709,0.592673
1222,2016-09-20 05:00:00,0.034713,0.567015
1223,2016-09-20 05:00:00,0.100945,0.68151
1224,2016-09-20 05:00:00,0.01904,0.537356
1225,2016-09-20 05:00:00,0.039343,0.575589
1226,2016-09-20 05:00:00,0.013099,0.525856
1227,2016-09-20 05:00:00,0.032073,0.562088
1228,2016-09-20 05:00:00,0.039316,0.575541
1229,2016-09-20 05:00:00,0.021793,0.542636
1230,2016-09-20 05:00:00,0.053559,0.601381
1231,2016-09-20 05:00:00,0.039818,0.576465
1232,2016-09-20 05:00:00,0.030027,0.558252
1233,2016-09-20 05:00:00,0.055947,0.605634
1234,2016-09-20 05:00:00,0.03722,0.571669
1235,2016-09-20 05:00:00,0.053666,0.601572
1236,2016-09-20 05:00:00,0.076391,0.641111
1237,2016-09-20 05:00:00,0.071178,0.632224
1238,2016-09-20 05:00:00,0.02132,0.541731
1239,2016-09-20 05:00:00,0.022113,0.543248
1240,2016-09-20 05:00:00,0.006784,0.513475
1241,2016-09-20 05:00:00,0.002571,0.505129
1242,2016-09-20 05:00:00,0.016879,0.533187
1243,2016-09-20 05:00:00,0.016547,0.532545
1244,2016-09-20 05:00:00,0.005314,0.510571
1245,2016-09-20 05:00:00,0.152256,0.758148
1246,2016-09-20 05:00:00,0.152205,0.758077
1247,2016-09-20 05:00:00,0.152234,0.758117
1248,2016-09-20 05:00:00,0.152196,0.758065
1253,2016-09-20 05:00:00,0.152224,0.758104
1254,2016-09-20 05:00:00,0.152304,0.758214
1255,2016-09-20 05:00:00,0.152238,0.758123
1256,2016-09-20 05:00:00,0.07201,0.63365
1257,2016-09-20 05:00:00,0.018224,0.535783
1258,2016-09-20 05:00:00,0.004025,0.508017
1259,2016-09-20 05:00:00,0.438186,0.992358
1260,2016-09-20 05:00:00,0.031089,0.560244
1261,2016-09-20 05:00:00,0.083178,0.652518
1262,2016-09-20 05:00:00,0.014733,0.529032
1263,2016-09-20 05:00:00,0.019533,0.538304
1264,2016-09-20 05:00:00,0.011616,0.522963
1265,2016-09-20 05:00:00,0.056135,0.605969
1266,2016-09-20 05:00:00,0.036926,0.571126
1267,2016-09-20 05:00:00,0.044249,0.584582
1268,2016-09-20 05:00:00,0.055418,0.604694
1269,2016-09-20 05:00:00,0.04312,0.58252
1270,2016-09-20 05:00:00,0.116915,0.706492
1271,2016-09-20 05:00:00,0.119855,0.710979
1272,2016-09-20 05:00:00,0.164692,0.775138
1273,2016-09-20 05:00:00,0.263671,0.888298
1274,2016-09-20 05:00:00,0.027208,0.552935
1275,2016-09-20 05:00:00,0.027879,0.554203
1276,2016-09-20 05:00:00,0.044747,0.585489
1277,2016-09-20 05:00:00,0.072772,0.634953
1278,2016-09-20 05:00:00,0.033032,0.563882
1279,2016-09-20 05:00:00,0.021852,0.542749
1280,2016-09-20 05:00:00,0.026414,0.551432
1281,2016-09-20 05:00:00,0.01852,0.536355
1282,2016-09-20 05:00:00,0.102991,0.684767
1283,2016-09-20 05:00:00,0.035256,0.568026
1284,2016-09-20 05:00:00,0.036296,0.569957
1285,2016-09-20 05:00:00,0.09499,0.671934
1286,2016-09-20 05:00:00,0.160179,0.769044
1287,2016-09-20 05:00:00,0.022033,0.543095
1288,2016-09-20 05:00:00,0.033129,0.564063
1289,2016-09-20 05:00:00,0.015055,0.529658
1290,2016-09-20 05:00:00,0.019337,0.537927
1291,2016-09-20 05:00:00,0.029731,0.557693
1292,2016-09-20 05:00:00,0.003857,0.507685
1293,2016-09-20 05:00:00,0.00403,0.508028
1294,2016-09-20 05:00:00,0.019698,0.53862
1295,2016-09-20 05:00:00,0.004242,0.508447
1296,2016-09-20 05:00:00,0.011843,0.523406
1297,2016-09-20 05:00:00,0.152213,0.758088
1298,2016-09-20 05:00:00,0.15228,0.758181
1302,2016-09-20 05:00:00,0.152265,0.758161
1303,2016-09-20 05:00:00,0.152349,0.758277
1304,2016-09-20 05:00:00,0.152257,0.758149
1305,2016-09-20 05:00:00,0.071759,0.63322
1306,2016-09-20 05:00:00,0.075256,0.639184
1307,2016-09-20 05:00:00,0.152348,0.758276
1308,2016-09-20 05:00:00,0.004957,0.509864
1309,2016-09-20 05:00:00,0.019893,0.538995
1310,2016-09-20 05:00:00,0.105888,0.689351
1311,2016-09-20 05:00:00,0.018401,0.536125
1312,2016-09-20 05:00:00,0.007688,0.515259
1313,2016-09-20 05:00:00,0.034455,0.566536
1314,2016-09-20 05:00:00,0.024003,0.546853
1315,2016-09-20 05:00:00,0.027551,0.553584
1316,2016-09-20 05:00:00,0.038608,0.574235
1317,2016-09-20 05:00:00,0.033279,0.564342
1318,2016-09-20 05:00:00,0.017302,0.534006
1319,2016-09-20 05:00:00,0.023326,0.545564
1320,2016-09-20 05:00:00,0.057489,0.608369
1321,2016-09-20 05:00:00,0.046257,0.588235
1322,2016-09-20 05:00:00,0.047924,0.591254
1323,2016-09-20 05:00:00,0.106705,0.690638
1324,2016-09-20 05:00:00,0.072349,0.634229
1325,2016-09-20 05:00:00,0.058929,0.610913
1326,2016-09-20 05:00:00,0.024047,0.546938
1327,2016-09-20 05:00:00,0.030975,0.560032
1328,2016-09-20 05:00:00,0.024185,0.547201
1329,2016-09-20 05:00:00,0.145143,0.748153
1330,2016-09-20 05:00:00,0.052555,0.599587
1331,2016-09-20 05:00:00,0.093446,0.669428
1332,2016-09-20 05:00:00,0.087658,0.659947
1333,2016-09-20 05:00:00,0.096986,0.675159
1334,2016-09-20 05:00:00,0.138864,0.739162
1335,2016-09-20 05:00:00,0.110622,0.69677
1336,2016-09-20 05:00:00,0.039433,0.575756
1337,2016-09-20 05:00:00,0.028274,0.554949
1338,2016-09-20 05:00:00,0.005127,0.510202
1339,2016-09-20 05:00:00,0.011662,0.523051
1340,2016-09-20 05:00:00,0.046259,0.588238
1341,2016-09-20 05:00:00,0.005575,0.511088
1342,2016-09-20 05:00:00,0.012222,0.524145
1343,2016-09-20 05:00:00,0.008963,0.517766
1344,2016-09-20 05:00:00,0.021979,0.542992
1345,2016-09-20 05:00:00,0.007345,0.514583
1346,2016-09-20 05:00:00,0.036009,0.569425
1347,2016-09-20 05:00:00,0.007224,0.514344
1348,2016-09-20 05:00:00,0.079834,0.646921
1349,2016-09-20 05:00:00,0.152262,0.758157
1352,2016-09-20 05:00:00,0.043088,0.582463
1353,2016-09-20 05:00:00,0.042882,0.582085
1354,2016-09-20 05:00:00,0.152616,0.758649
1355,2016-09-20 05:00:00,0.152068,0.757886
1356,2016-09-20 05:00:00,0.152136,0.757981
1357,2016-09-20 05:00:00,0.029253,0.556795
1358,2016-09-20 05:00:00,0.028574,0.555515
1359,2016-09-20 05:00:00,0.038011,0.573133
1360,2016-09-20 05:00:00,0.240993,0.86583
1361,2016-09-20 05:00:00,0.036444,0.570232
1362,2016-09-20 05:00:00,0.059852,0.612539
1363,2016-09-20 05:00:00,0.019552,0.538339
1364,2016-09-20 05:00:00,0.029099,0.556505
1365,2016-09-20 05:00:00,0.013456,0.526549
1366,2016-09-20 05:00:00,0.045839,0.587476
1367,2016-09-20 05:00:00,0.046373,0.588444
1368,2016-09-20 05:00:00,0.013807,0.527232
1369,2016-09-20 05:00:00,0.045285,0.586468
1370,2016-09-20 05:00:00,0.042351,0.581116
1371,2016-09-20 05:00:00,0.061414,0.615284
1372,2016-09-20 05:00:00,0.157002,0.764705
1373,2016-09-20 05:00:00,0.674293,0.939244
1374,2016-09-20 05:00:00,0.094551,0.671222
1375,2016-09-20 05:00:00,0.052917,0.600234
1376,2016-09-20 05:00:00,0.028076,0.554575
1377,2016-09-20 05:00:00,0.04878,0.5928
1378,2016-09-20 05:00:00,0.024962,0.548678
1379,2016-09-20 05:00:00,0.036169,0.569721
1380,2016-09-20 05:00:00,0.097118,0.675372
1381,2016-09-20 05:00:00,0.048986,0.593173
1382,2016-09-20 05:00:00,0.065182,0.621866
1383,2016-09-20 05:00:00,0.085108,0.655729
1384,2016-09-20 05:00:00,0.078617,0.644873
1385,2016-09-20 05:00:00,0.172669,0.785709
1386,2016-09-20 05:00:00,0.031783,0.561545
1387,2016-09-20 05:00:00,0.008318,0.516497
1388,2016-09-20 05:00:00,0.024385,0.547581
1389,2016-09-20 05:00:00,0.045652,0.587135
1390,2016-09-20 05:00:00,0.038959,0.574882
1391,2016-09-20 05:00:00,0.022303,0.543612
1392,2016-09-20 05:00:00,0.048613,0.592499
1393,2016-09-20 05:00:00,0.016501,0.532458
1394,2016-09-20 05:00:00,0.010522,0.520823
1395,2016-09-20 05:00:00,0.029269,0.556824
1396,2016-09-20 05:00:00,0.005988,0.511904
1397,2016-09-20 05:00:00,0.124366,0.717799
1398,2016-09-20 05:00:00,0.152365,0.758299
1399,2016-09-20 05:00:00,0.152254,0.758145
1400,2016-09-20 05:00:00,0.152076,0.757898
1402,2016-09-20 05:00:00,0.021856,0.542756
1403,2016-09-20 05:00:00,0.063797,0.619454
1404,2016-09-20 05:00:00,0.151999,0.75779
1405,2016-09-20 05:00:00,0.152151,0.758002
1406,2016-09-20 05:00:00,0.027844,0.554138
1407,2016-09-20 05:00:00,0.004924,0.5098
1408,2016-09-20 05:00:00,0.000819,0.501637
1409,2016-09-20 05:00:00,0.023243,0.545405
1410,2016-09-20 05:00:00,0.090307,0.664303
1411,2016-09-20 05:00:00,0.061696,0.615779
1412,2016-09-20 05:00:00,0.017254,0.533913
1413,2016-09-20 05:00:00,0.042011,0.580492
1414,2016-09-20 05:00:00,0.035802,0.569041
1415,2016-09-20 05:00:00,0.046241,0.588205
1416,2016-09-20 05:00:00,0.016901,0.533231
1417,2016-09-20 05:00:00,0.03172,0.561427
1418,2016-09-20 05:00:00,0.056779,0.60711
1419,2016-09-20 05:00:00,0.049286,0.593714
1420,2016-09-20 05:00:00,0.050456,0.59582
1421,2016-09-20 05:00:00,0.092095,0.667227
1422,2016-09-20 05:00:00,0.251931,0.876924
1423,2016-09-20 05:00:00,0.852042,0.752133
1424,2016-09-20 05:00:00,0.060335,0.613389
1425,2016-09-20 05:00:00,0.075078,0.638882
1426,2016-09-20 05:00:00,0.073039,0.635408
1427,2016-09-20 05:00:00,0.072242,0.634045
1428,2016-09-20 05:00:00,0.018023,0.535396
1429,2016-09-20 05:00:00,0.046423,0.588536
1430,2016-09-20 05:00:00,0.055081,0.604095
1431,2016-09-20 05:00:00,0.029386,0.557045
1432,2016-09-20 05:00:00,0.024679,0.54814
1433,2016-09-20 05:00:00,0.025711,0.5501
1434,2016-09-20 05:00:00,0.089499,0.662977
1435,2016-09-20 05:00:00,0.038437,0.573919
1436,2016-09-20 05:00:00,0.04358,0.583361
1437,2016-09-20 05:00:00,0.03083,0.559759
1438,2016-09-20 05:00:00,0.038946,0.574858
1439,2016-09-20 05:00:00,0.081268,0.649327
1440,2016-09-20 05:00:00,0.095371,0.672551
1441,2016-09-20 05:00:00,0.022588,0.544155
1442,2016-09-20 05:00:00,0.123025,0.715779
1443,2016-09-20 05:00:00,0.01462,0.528812
1444,2016-09-20 05:00:00,0.003031,0.506043
1445,2016-09-20 05:00:00,0.013437,0.526513
1446,2016-09-20 05:00:00,0.02223,0.543472
1447,2016-09-20 05:00:00,0.220818,0.844115
1448,2016-09-20 05:00:00,0.152425,0.758384
1449,2016-09-20 05:00:00,0.152196,0.758064
1450,2016-09-20 05:00:00,0.152239,0.758124
1451,2016-09-20 05:00:00,0.152245,0.758133
1452,2016-09-20 05:00:00,0.152398,0.758346
1453,2016-09-20 05:00:00,0.027657,0.553785
1454,2016-09-20 05:00:00,0.10791,0.692531
1455,2016-09-20 05:00:00,0.152051,0.757862
1456,2016-09-20 05:00:00,0.922883,0.64234
1457,2016-09-20 05:00:00,0.008726,0.517299
1458,2016-09-20 05:00:00,0.047665,0.590787
1459,2016-09-20 05:00:00,0.011262,0.522271
1460,2016-09-20 05:00:00,0.012749,0.525173
1461,2016-09-20 05:00:00,0.019211,0.537684
1462,2016-09-20 05:00:00,0.755078,0.869871
1463,2016-09-20 05:00:00,0.152216,0.758092
1464,2016-09-20 05:00:00,0.122237,0.71459
1465,2016-09-20 05:00:00,0.021097,0.541304
1466,2016-09-20 05:00:00,0.042282,0.580988
1467,2016-09-20 05:00:00,0.034371,0.566379
1468,2016-09-20 05:00:00,0.009526,0.518871
1469,2016-09-20 05:00:00,0.062562,0.617295
1470,2016-09-20 05:00:00,0.060336,0.613391
1471,2016-09-20 05:00:00,0.133349,0.731134
1472,2016-09-20 05:00:00,0.118678,0.709187
1473,2016-09-20 05:00:00,0.784757,0.837826
1474,2016-09-20 05:00:00,0.141586,0.743079
1475,2016-09-20 05:00:00,0.148609,0.753049
1476,2016-09-20 05:00:00,0.145189,0.748218
1477,2016-09-20 05:00:00,0.112317,0.699403
1478,2016-09-20 05:00:00,0.07899,0.645501
1479,2016-09-20 05:00:00,0.03856,0.574147
1480,2016-09-20 05:00:00,0.1564,0.763878
1481,2016-09-20 05:00:00,0.078365,0.644449
1482,2016-09-20 05:00:00,0.112697,0.699992
1483,2016-09-20 05:00:00,0.079154,0.645778
1484,2016-09-20 05:00:00,0.0243,0.547418
1485,2016-09-20 05:00:00,0.01856,0.536431
1486,2016-09-20 05:00:00,0.03109,0.560247
1487,2016-09-20 05:00:00,0.062487,0.617164
1488,2016-09-20 05:00:00,0.067023,0.625061
1489,2016-09-20 05:00:00,0.014671,0.528911
1490,2016-09-20 05:00:00,0.024995,0.54874
1491,2016-09-20 05:00:00,0.065739,0.622835
1492,2016-09-20 05:00:00,0.023131,0.545193
1493,2016-09-20 05:00:00,0.01971,0.538643
1494,2016-09-20 05:00:00,0.053735,0.601694
1495,2016-09-20 05:00:00,0.024883,0.548527
1496,2016-09-20 05:00:00,0.037119,0.571482
1497,2016-09-20 05:00:00,0.076293,0.640945
1498,2016-09-20 05:00:00,0.152133,0.757977
1499,2016-09-20 05:00:00,0.152072,0.757892
1500,2016-09-20 05:00:00,0.152409,0.758361
1501,2016-09-20 05:00:00,0.152463,0.758436
1502,2016-09-20 05:00:00,0.152015,0.757813
1503,2016-09-20 05:00:00,0.023933,0.54672
1504,2016-09-20 05:00:00,0.004445,0.50885
1505,2016-09-20 05:00:00,0.011831,0.523381
1506,2016-09-20 05:00:00,0.010638,0.52105
1507,2016-09-20 05:00:00,0.004366,0.508694
1508,2016-09-20 05:00:00,0.00848,0.516817
1509,2016-09-20 05:00:00,0.06568,0.622732
1510,2016-09-20 05:00:00,0.010034,0.519867
1511,2016-09-20 05:00:00,0.002401,0.504791
1512,2016-09-20 05:00:00,0.004318,0.508599
1513,2016-09-20 05:00:00,0.034642,0.566883
1514,2016-09-20 05:00:00,0.068577,0.627749
1515,2016-09-20 05:00:00,0.020331,0.539835
1516,2016-09-20 05:00:00,0.020393,0.539954
1517,2016-09-20 05:00:00,0.0118,0.523322
1518,2016-09-20 05:00:00,0.056909,0.607341
1519,2016-09-20 05:00:00,0.074621,0.638105
1520,2016-09-20 05:00:00,0.08016,0.647468
1521,2016-09-20 05:00:00,0.035412,0.568316
1522,2016-09-20 05:00:00,0.113102,0.70062
1523,2016-09-20 05:00:00,0.445477,0.994054
1524,2016-09-20 05:00:00,0.164158,0.774421
1525,2016-09-20 05:00:00,0.171187,0.783764
1526,2016-09-20 05:00:00,0.197362,0.81682
1527,2016-09-20 05:00:00,0.267269,0.891673
1528,2016-09-20 05:00:00,0.061196,0.614902
1529,2016-09-20 05:00:00,0.021662,0.542386
1530,2016-09-20 05:00:00,0.015139,0.529819
1531,2016-09-20 05:00:00,0.048117,0.591603
1532,2016-09-20 05:00:00,0.03402,0.565725
1533,2016-09-20 05:00:00,0.014477,0.528536
1534,2016-09-20 05:00:00,0.01757,0.534523
1535,2016-09-20 05:00:00,0.020683,0.54051
1536,2016-09-20 05:00:00,0.008656,0.517162
1537,2016-09-20 05:00:00,0.025614,0.549916
1538,2016-09-20 05:00:00,0.049271,0.593686
1539,2016-09-20 05:00:00,0.028031,0.55449
1540,2016-09-20 05:00:00,0.021344,0.541778
1541,2016-09-20 05:00:00,0.077418,0.642848
1542,2016-09-20 05:00:00,0.11187,0.69871
1543,2016-09-20 05:00:00,0.024535,0.547867
1544,2016-09-20 05:00:00,0.074757,0.638338
1545,2016-09-20 05:00:00,0.026419,0.551443
1546,2016-09-20 05:00:00,0.041444,0.579452
1547,2016-09-20 05:00:00,0.006628,0.513169
1548,2016-09-20 05:00:00,0.164435,0.774792
1549,2016-09-20 05:00:00,0.152223,0.758102
1552,2016-09-20 05:00:00,0.100773,0.681235
1553,2016-09-20 05:00:00,0.069777,0.629816
1554,2016-09-20 05:00:00,0.052755,0.599944
1555,2016-09-20 05:00:00,0.152222,0.758101
1556,2016-09-20 05:00:00,0.004806,0.509565
1557,2016-09-20 05:00:00,0.000928,0.501854
1558,2016-09-20 05:00:00,0.071428,0.632652
1559,2016-09-20 05:00:00,0.020344,0.539861
1560,2016-09-20 05:00:00,0.006475,0.512866
1561,2016-09-20 05:00:00,0.003223,0.506426
1562,2016-09-20 05:00:00,0.137332,0.736944
1563,2016-09-20 05:00:00,0.024104,0.547045
1564,2016-09-20 05:00:00,0.152043,0.757853
1565,2016-09-20 05:00:00,0.102297,0.683665
1566,2016-09-20 05:00:00,0.021913,0.542866
1567,2016-09-20 05:00:00,0.012224,0.52415
1568,2016-09-20 05:00:00,0.014145,0.527889
1569,2016-09-20 05:00:00,0.053561,0.601384
1570,2016-09-20 05:00:00,0.040568,0.577845
1571,2016-09-20 05:00:00,0.033637,0.565011
1572,2016-09-20 05:00:00,0.079345,0.646098
1573,2016-09-20 05:00:00,0.126083,0.720372
1574,2016-09-20 05:00:00,0.180821,0.79625
1575,2016-09-20 05:00:00,0.111826,0.698642
1576,2016-09-20 05:00:00,0.048249,0.591843
1577,2016-09-20 05:00:00,0.058124,0.609491
1578,2016-09-20 05:00:00,0.072537,0.63455
1579,2016-09-20 05:00:00,0.059862,0.612557
1580,2016-09-20 05:00:00,0.12652,0.721026
1581,2016-09-20 05:00:00,0.069733,0.62974
1582,2016-09-20 05:00:00,0.050576,0.596035
1583,2016-09-20 05:00:00,0.120245,0.711572
1584,2016-09-20 05:00:00,0.064452,0.620596
1585,2016-09-20 05:00:00,0.018075,0.535498
1586,2016-09-20 05:00:00,0.044125,0.584356
1587,2016-09-20 05:00:00,0.016337,0.53214
1588,2016-09-20 05:00:00,0.031694,0.561378
1589,2016-09-20 05:00:00,0.065633,0.622651
1590,2016-09-20 05:00:00,0.040716,0.578117
1591,2016-09-20 05:00:00,0.077536,0.643048
1592,2016-09-20 05:00:00,0.148191,0.75246
1593,2016-09-20 05:00:00,0.135735,0.734622
1594,2016-09-20 05:00:00,0.04739,0.590288
1595,2016-09-20 05:00:00,0.023068,0.545072
1596,2016-09-20 05:00:00,0.028642,0.555643
1597,2016-09-20 05:00:00,0.104444,0.687071
1598,2016-09-20 05:00:00,0.152188,0.758053
1599,2016-09-20 05:00:00,0.152305,0.758217
1602,2016-09-20 05:00:00,0.041559,0.579663
1603,2016-09-20 05:00:00,0.002878,0.505739
1604,2016-09-20 05:00:00,0.008833,0.51751
1605,2016-09-20 05:00:00,0.008872,0.517587
1606,2016-09-20 05:00:00,0.073992,0.637034
1607,2016-09-20 05:00:00,0.099696,0.679513
1608,2016-09-20 05:00:00,0.084612,0.654906
1609,2016-09-20 05:00:00,0.038505,0.574045
1610,2016-09-20 05:00:00,0.014759,0.529083
1611,2016-09-20 05:00:00,0.006953,0.51381
1612,2016-09-20 05:00:00,0.014028,0.527662
1613,2016-09-20 05:00:00,0.006539,0.512993
1614,2016-09-20 05:00:00,0.007301,0.514495
1615,2016-09-20 05:00:00,0.043599,0.583396
1616,2016-09-20 05:00:00,0.003943,0.507855
1617,2016-09-20 05:00:00,0.017844,0.535051
1618,2016-09-20 05:00:00,0.017265,0.533934
1619,2016-09-20 05:00:00,0.028106,0.554632
1620,2016-09-20 05:00:00,0.124554,0.718081
1621,2016-09-20 05:00:00,0.138497,0.738631
1622,2016-09-20 05:00:00,0.068203,0.627102
1623,2016-09-20 05:00:00,0.083399,0.652887
1624,2016-09-20 05:00:00,0.298005,0.918396
1625,2016-09-20 05:00:00,0.121127,0.71291
1626,2016-09-20 05:00:00,0.129666,0.725705
1627,2016-09-20 05:00:00,0.084799,0.655216
1628,2016-09-20 05:00:00,0.035133,0.567798
1629,2016-09-20 05:00:00,0.398005,0.979194
1630,2016-09-20 05:00:00,0.362252,0.962051
1631,2016-09-20 05:00:00,0.427932,0.989612
1632,2016-09-20 05:00:00,0.137707,0.737488
1633,2016-09-20 05:00:00,0.189934,0.807718
1634,2016-09-20 05:00:00,0.001385,0.502765
1635,2016-09-20 05:00:00,0.031942,0.561844
1636,2016-09-20 05:00:00,0.027726,0.553915
1637,2016-09-20 05:00:00,0.011834,0.523388
1638,2016-09-20 05:00:00,0.023406,0.545717
1639,2016-09-20 05:00:00,0.080571,0.648158
1640,2016-09-20 05:00:00,0.013528,0.526691
1641,2016-09-20 05:00:00,0.080875,0.648668
1642,2016-09-20 05:00:00,0.089724,0.663347
1643,2016-09-20 05:00:00,0.082644,0.651627
1644,2016-09-20 05:00:00,0.022024,0.543078
1645,2016-09-20 05:00:00,0.062475,0.617144
1646,2016-09-20 05:00:00,0.013644,0.526916
1647,2016-09-20 05:00:00,0.007704,0.515289
1648,2016-09-20 05:00:00,0.152378,0.758318
1651,2016-09-20 05:00:00,0.151961,0.757737
1652,2016-09-20 05:00:00,0.152381,0.758322
1653,2016-09-20 05:00:00,0.445505,0.994061
1654,2016-09-20 05:00:00,0.303914,0.923101
1655,2016-09-20 05:00:00,0.010012,0.519824
1656,2016-09-20 05:00:00,0.026908,0.552368
1657,2016-09-20 05:00:00,0.152227,0.758108
1658,2016-09-20 05:00:00,0.046758,0.589143
1659,2016-09-20 05:00:00,0.079137,0.645748
1660,2016-09-20 05:00:00,0.022246,0.543502
1661,2016-09-20 05:00:00,0.100911,0.681455
1662,2016-09-20 05:00:00,0.016262,0.531994
1663,2016-09-20 05:00:00,0.01054,0.520858
1664,2016-09-20 05:00:00,0.095758,0.673177
1665,2016-09-20 05:00:00,0.02436,0.547533
1666,2016-09-20 05:00:00,0.078749,0.645095
1667,2016-09-20 05:00:00,0.070781,0.631542
1668,2016-09-20 05:00:00,0.00641,0.512737
1669,2016-09-20 05:00:00,0.019549,0.538333
1670,2016-09-20 05:00:00,0.029513,0.557284
1671,2016-09-20 05:00:00,0.036688,0.570683
1672,2016-09-20 05:00:00,0.147689,0.751753
1673,2016-09-20 05:00:00,0.328319,0.941051
1674,2016-09-20 05:00:00,0.461315,0.997007
1675,2016-09-20 05:00:00,0.358399,0.959898
1676,2016-09-20 05:00:00,0.476298,0.998876
1677,2016-09-20 05:00:00,0.281641,0.904639
1678,2016-09-20 05:00:00,0.337005,0.946865
1679,2016-09-20 05:00:00,0.384298,0.973226
1680,2016-09-20 05:00:00,0.230783,0.855044
1681,2016-09-20 05:00:00,0.194397,0.813214
1682,2016-09-20 05:00:00,0.134931,0.733449
1683,2016-09-20 05:00:00,0.26158,0.886312
1684,2016-09-20 05:00:00,0.022606,0.544189
1685,2016-09-20 05:00:00,0.051401,0.597518
1686,2016-09-20 05:00:00,0.02678,0.552126
1687,2016-09-20 05:00:00,0.041794,0.580095
1688,2016-09-20 05:00:00,0.163256,0.773207
1689,2016-09-20 05:00:00,0.084232,0.654274
1690,2016-09-20 05:00:00,0.089562,0.663081
1691,2016-09-20 05:00:00,0.065922,0.623153
1692,2016-09-20 05:00:00,0.054,0.602167
1693,2016-09-20 05:00:00,0.044566,0.58516
1694,2016-09-20 05:00:00,0.076623,0.641504
1695,2016-09-20 05:00:00,0.01629,0.532049
1696,2016-09-20 05:00:00,0.029382,0.557037
1697,2016-09-20 05:00:00,0.152062,0.757878
1701,2016-09-20 05:00:00,0.005889,0.511708
1702,2016-09-20 05:00:00,0.064034,0.619867
1703,2016-09-20 05:00:00,0.009939,0.519681
1704,2016-09-20 05:00:00,0.004359,0.50868
1705,2016-09-20 05:00:00,0.035864,0.569156
1706,2016-09-20 05:00:00,0.017817,0.534998
1707,2016-09-20 05:00:00,0.007693,0.515268
1708,2016-09-20 05:00:00,0.073008,0.635356
1709,2016-09-20 05:00:00,0.010203,0.520197
1710,2016-09-20 05:00:00,0.01087,0.521504
1711,2016-09-20 05:00:00,0.019625,0.53848
1712,2016-09-20 05:00:00,0.040419,0.577571
1713,2016-09-20 05:00:00,0.112162,0.699164
1714,2016-09-20 05:00:00,0.080217,0.647564
1715,2016-09-20 05:00:00,0.057919,0.609129
1716,2016-09-20 05:00:00,0.133385,0.731187
1717,2016-09-20 05:00:00,0.021347,0.541783
1718,2016-09-20 05:00:00,0.036427,0.570201
1719,2016-09-20 05:00:00,0.22204,0.845477
1720,2016-09-20 05:00:00,0.104824,0.687672
1721,2016-09-20 05:00:00,0.141135,0.742431
1722,2016-09-20 05:00:00,0.083357,0.652818
1723,2016-09-20 05:00:00,0.101835,0.682929
1724,2016-09-20 05:00:00,0.284825,0.907399
1725,2016-09-20 05:00:00,0.61959,0.971397
1726,2016-09-20 05:00:00,0.824406,0.789522
1727,2016-09-20 05:00:00,0.522682,0.998971
1728,2016-09-20 05:00:00,0.459748,0.99676
1729,2016-09-20 05:00:00,0.262804,0.887476
1730,2016-09-20 05:00:00,0.457797,0.996438
1731,2016-09-20 05:00:00,0.148797,0.753313
1732,2016-09-20 05:00:00,0.042036,0.580539
1733,2016-09-20 05:00:00,0.043744,0.583661
1734,2016-09-20 05:00:00,0.034125,0.565921
1735,2016-09-20 05:00:00,0.023999,0.546847
1736,2016-09-20 05:00:00,0.089189,0.662469
1737,2016-09-20 05:00:00,0.123268,0.716147
1738,2016-09-20 05:00:00,0.070614,0.631255
1739,2016-09-20 05:00:00,0.029529,0.557315
1740,2016-09-20 05:00:00,0.084236,0.65428
1741,2016-09-20 05:00:00,0.095666,0.673029
1742,2016-09-20 05:00:00,0.055653,0.605111
1743,2016-09-20 05:00:00,0.053524,0.601319
1744,2016-09-20 05:00:00,0.030626,0.559377
1745,2016-09-20 05:00:00,0.340198,0.948927
1746,2016-09-20 05:00:00,0.152212,0.758087
1747,2016-09-20 05:00:00,0.15228,0.758182
1751,2016-09-20 05:00:00,0.035314,0.568134
1752,2016-09-20 05:00:00,0.026181,0.550992
1753,2016-09-20 05:00:00,0.038141,0.573372
1754,2016-09-20 05:00:00,0.019125,0.537519
1755,2016-09-20 05:00:00,0.001239,0.502475
1756,2016-09-20 05:00:00,0.014634,0.52884
1757,2016-09-20 05:00:00,0.016622,0.532691
1758,2016-09-20 05:00:00,0.126539,0.721054
1759,2016-09-20 05:00:00,0.094739,0.671527
1760,2016-09-20 05:00:00,0.008161,0.516189
1761,2016-09-20 05:00:00,0.020027,0.539251
1762,2016-09-20 05:00:00,0.063687,0.619261
1763,2016-09-20 05:00:00,0.026657,0.551892
1764,2016-09-20 05:00:00,0.161871,0.771337
1765,2016-09-20 05:00:00,0.050274,0.595493
1766,2016-09-20 05:00:00,0.02742,0.553335
1767,2016-09-20 05:00:00,0.013034,0.525729
1768,2016-09-20 05:00:00,0.050069,0.595125
1769,2016-09-20 05:00:00,0.075454,0.639522
1770,2016-09-20 05:00:00,0.184483,0.800898
1771,2016-09-20 05:00:00,0.368087,0.965198
1772,2016-09-20 05:00:00,0.392424,0.976855
1773,2016-09-20 05:00:00,0.634269,0.963944
1774,2016-09-20 05:00:00,0.811832,0.805521
1775,2016-09-20 05:00:00,0.883274,0.706202
1776,2016-09-20 05:00:00,0.785187,0.837337
1777,2016-09-20 05:00:00,0.887417,0.699816
1778,2016-09-20 05:00:00,0.236435,0.861067
1779,2016-09-20 05:00:00,0.096366,0.674159
1780,2016-09-20 05:00:00,0.597102,0.981142
1781,2016-09-20 05:00:00,0.418909,0.986848
1782,2016-09-20 05:00:00,0.193346,0.811926
1783,2016-09-20 05:00:00,0.230068,0.854274
1784,2016-09-20 05:00:00,0.036698,0.570702
1785,2016-09-20 05:00:00,0.052433,0.599367
1786,2016-09-20 05:00:00,0.05373,0.601685
1787,2016-09-20 05:00:00,0.065046,0.62163
1788,2016-09-20 05:00:00,0.049707,0.594472
1789,2016-09-20 05:00:00,0.032042,0.562032
1790,2016-09-20 05:00:00,0.041614,0.579764
1791,2016-09-20 05:00:00,0.099355,0.678967
1792,2016-09-20 05:00:00,0.11492,0.703427
1793,2016-09-20 05:00:00,0.023042,0.545022
1794,2016-09-20 05:00:00,0.010194,0.52018
1795,2016-09-20 05:00:00,0.034421,0.566472
1796,2016-09-20 05:00:00,0.152297,0.758205
1801,2016-09-20 05:00:00,0.091337,0.665989
1802,2016-09-20 05:00:00,0.018158,0.535657
1803,2016-09-20 05:00:00,0.009556,0.518929
1804,2016-09-20 05:00:00,0.00351,0.506995
1805,2016-09-20 05:00:00,0.195474,0.814527
1806,2016-09-20 05:00:00,0.019698,0.53862
1807,2016-09-20 05:00:00,0.025969,0.550589
1808,2016-09-20 05:00:00,0.114187,0.702296
1809,2016-09-20 05:00:00,0.128699,0.724271
1810,2016-09-20 05:00:00,0.074023,0.637087
1811,2016-09-20 05:00:00,0.005836,0.511604
1812,2016-09-20 05:00:00,0.061463,0.615371
1813,2016-09-20 05:00:00,0.051882,0.598381
1814,2016-09-20 05:00:00,0.00866,0.517169
1815,2016-09-20 05:00:00,0.344673,0.951747
1816,2016-09-20 05:00:00,0.001899,0.50379
1817,2016-09-20 05:00:00,0.016729,0.532898
1818,2016-09-20 05:00:00,0.05049,0.595882
1819,2016-09-20 05:00:00,0.013012,0.525686
1820,2016-09-20 05:00:00,0.060422,0.613542
1821,2016-09-20 05:00:00,0.03813,0.573352
1822,2016-09-20 05:00:00,0.087296,0.659351
1823,2016-09-20 05:00:00,0.364837,0.963462
1824,2016-09-20 05:00:00,0.466307,0.99773
1825,2016-09-20 05:00:00,0.480706,0.999255
1826,2016-09-20 05:00:00,0.36161,0.961696
1827,2016-09-20 05:00:00,0.512494,0.999688
1828,2016-09-20 05:00:00,0.837906,0.771639
1829,2016-09-20 05:00:00,0.441269,0.993101
1830,2016-09-20 05:00:00,0.287429,0.909627
1831,2016-09-20 05:00:00,0.672647,0.940386
1832,2016-09-20 05:00:00,0.117856,0.707931
1833,2016-09-20 05:00:00,0.157766,0.765752
1834,2016-09-20 05:00:00,0.100855,0.681366
1835,2016-09-20 05:00:00,0.0436,0.583398
1836,2016-09-20 05:00:00,0.018822,0.536936
1837,2016-09-20 05:00:00,0.063804,0.619467
1838,2016-09-20 05:00:00,0.035854,0.569136
1839,2016-09-20 05:00:00,0.035361,0.568222
1840,2016-09-20 05:00:00,0.023386,0.545679
1841,2016-09-20 05:00:00,0.048968,0.59314
1842,2016-09-20 05:00:00,0.052548,0.599573
1843,2016-09-20 05:00:00,0.065177,0.621857
1844,2016-09-20 05:00:00,0.111297,0.697819
1845,2016-09-20 05:00:00,0.028348,0.555089
1846,2016-09-20 05:00:00,0.013616,0.526862
1847,2016-09-20 05:00:00,0.152103,0.757936
1851,2016-09-20 05:00:00,0.152166,0.758023
1852,2016-09-20 05:00:00,0.024468,0.547739
1853,2016-09-20 05:00:00,0.005,0.509951
1854,2016-09-20 05:00:00,0.010381,0.520546
1855,2016-09-20 05:00:00,0.950965,0.593261
1856,2016-09-20 05:00:00,0.013229,0.526108
1857,2016-09-20 05:00:00,0.013261,0.526171
1858,2016-09-20 05:00:00,0.051232,0.597215
1859,2016-09-20 05:00:00,0.05868,0.610473
1860,2016-09-20 05:00:00,0.012398,0.524488
1861,2016-09-20 05:00:00,0.02249,0.543968
1862,2016-09-20 05:00:00,0.008145,0.516157
1863,2016-09-20 05:00:00,0.022854,0.544663
1864,2016-09-20 05:00:00,0.05123,0.597211
1865,2016-09-20 05:00:00,0.009919,0.519641
1866,2016-09-20 05:00:00,0.046508,0.58869
1867,2016-09-20 05:00:00,0.255121,0.880069
1868,2016-09-20 05:00:00,0.07128,0.632398
1869,2016-09-20 05:00:00,0.123844,0.717013
1870,2016-09-20 05:00:00,0.069135,0.628711
1871,2016-09-20 05:00:00,0.014141,0.527882
1872,2016-09-20 05:00:00,0.064521,0.620717
1873,2016-09-20 05:00:00,0.122068,0.714334
1874,2016-09-20 05:00:00,0.517074,0.999417
1875,2016-09-20 05:00:00,0.361991,0.961907
1876,2016-09-20 05:00:00,0.148034,0.752239
1877,2016-09-20 05:00:00,0.136904,0.736322
1878,2016-09-20 05:00:00,0.528648,0.998359
1879,2016-09-20 05:00:00,0.53125,0.998047
1880,2016-09-20 05:00:00,0.156214,0.763622
1881,2016-09-20 05:00:00,0.249604,0.874603
1882,2016-09-20 05:00:00,0.214727,0.837239
1883,2016-09-20 05:00:00,0.160191,0.769059
1884,2016-09-20 05:00:00,0.28925,0.911169
1885,2016-09-20 05:00:00,0.06104,0.614629
1886,2016-09-20 05:00:00,0.029528,0.557312
1887,2016-09-20 05:00:00,0.047079,0.589725
1888,2016-09-20 05:00:00,0.032861,0.563562
1889,2016-09-20 05:00:00,0.201543,0.821847
1890,2016-09-20 05:00:00,0.196553,0.81584
1891,2016-09-20 05:00:00,0.015441,0.530405
1892,2016-09-20 05:00:00,0.019587,0.538407
1893,2016-09-20 05:00:00,0.139633,0.740271
1894,2016-09-20 05:00:00,0.020628,0.540406
1895,2016-09-20 05:00:00,0.059712,0.612294
1896,2016-09-20 05:00:00,0.022348,0.543698
1897,2016-09-20 05:00:00,0.152258,0.75815
1902,2016-09-20 05:00:00,0.995949,0.50807
1903,2016-09-20 05:00:00,0.056337,0.606327
1904,2016-09-20 05:00:00,0.00489,0.509733
1905,2016-09-20 05:00:00,0.15196,0.757736
1906,2016-09-20 05:00:00,1.0,0.5
1907,2016-09-20 05:00:00,0.019143,0.537554
1908,2016-09-20 05:00:00,0.005751,0.511436
1909,2016-09-20 05:00:00,0.085367,0.65616
1910,2016-09-20 05:00:00,0.066785,0.62465
1911,2016-09-20 05:00:00,0.039021,0.574996
1912,2016-09-20 05:00:00,0.043118,0.582518
1913,2016-09-20 05:00:00,0.126221,0.720579
1914,2016-09-20 05:00:00,0.013193,0.526038
1915,2016-09-20 05:00:00,0.007188,0.514273
1916,2016-09-20 05:00:00,0.010808,0.521382
1917,2016-09-20 05:00:00,0.018479,0.536274
1918,2016-09-20 05:00:00,0.016498,0.532451
1919,2016-09-20 05:00:00,0.006903,0.513712
1920,2016-09-20 05:00:00,0.012242,0.524185
1921,2016-09-20 05:00:00,0.175678,0.78963
1922,2016-09-20 05:00:00,0.029617,0.55748
1923,2016-09-20 05:00:00,0.05559,0.605
1924,2016-09-20 05:00:00,0.144709,0.747537
1925,2016-09-20 05:00:00,0.061385,0.615234
1926,2016-09-20 05:00:00,0.167136,0.778403
1927,2016-09-20 05:00:00,0.076903,0.641978
1928,2016-09-20 05:00:00,0.146197,0.749647
1929,2016-09-20 05:00:00,0.104297,0.686838
1930,2016-09-20 05:00:00,0.1944,0.813217
1931,2016-09-20 05:00:00,0.112462,0.699629
1932,2016-09-20 05:00:00,0.320626,0.93565
1933,2016-09-20 05:00:00,0.026963,0.552472
1934,2016-09-20 05:00:00,0.109792,0.695475
1935,2016-09-20 05:00:00,0.091053,0.665525
1936,2016-09-20 05:00:00,0.024562,0.547918
1937,2016-09-20 05:00:00,0.007689,0.51526
1938,2016-09-20 05:00:00,0.017167,0.533746
1939,2016-09-20 05:00:00,0.007882,0.51564
1940,2016-09-20 05:00:00,0.13153,0.728459
1941,2016-09-20 05:00:00,0.002012,0.504016
1942,2016-09-20 05:00:00,0.010374,0.520533
1943,2016-09-20 05:00:00,0.016168,0.531812
1944,2016-09-20 05:00:00,0.123375,0.716308
1945,2016-09-20 05:00:00,0.189769,0.807514
1946,2016-09-20 05:00:00,0.019086,0.537444
1947,2016-09-20 05:00:00,0.152244,0.758132
1948,2016-09-20 05:00:00,0.152111,0.757946
1953,2016-09-20 05:00:00,0.152171,0.75803
1954,2016-09-20 05:00:00,0.152644,0.758687
1955,2016-09-20 05:00:00,0.006393,0.512704
1956,2016-09-20 05:00:00,0.007319,0.514531
1957,2016-09-20 05:00:00,0.034318,0.56628
1958,2016-09-20 05:00:00,0.020203,0.539589
1959,2016-09-20 05:00:00,0.039273,0.575462
1960,2016-09-20 05:00:00,0.019136,0.53754
1961,2016-09-20 05:00:00,0.031821,0.561616
1962,2016-09-20 05:00:00,0.027438,0.55337
1963,2016-09-20 05:00:00,0.006238,0.512399
1964,2016-09-20 05:00:00,0.009836,0.519479
1965,2016-09-20 05:00:00,0.080354,0.647795
1966,2016-09-20 05:00:00,0.0159,0.531294
1967,2016-09-20 05:00:00,0.006939,0.513781
1968,2016-09-20 05:00:00,0.086663,0.658306
1969,2016-09-20 05:00:00,0.212801,0.835034
1970,2016-09-20 05:00:00,0.063334,0.618646
1971,2016-09-20 05:00:00,0.980531,0.538179
1972,2016-09-20 05:00:00,0.019705,0.538634
1973,2016-09-20 05:00:00,0.045648,0.587129
1974,2016-09-20 05:00:00,0.016226,0.531925
1975,2016-09-20 05:00:00,0.017643,0.534663
1976,2016-09-20 05:00:00,0.057775,0.608873
1977,2016-09-20 05:00:00,0.055968,0.605671
1978,2016-09-20 05:00:00,0.08179,0.650201
1979,2016-09-20 05:00:00,0.085413,0.656235
1980,2016-09-20 05:00:00,0.071906,0.633472
1981,2016-09-20 05:00:00,0.134222,0.732412
1982,2016-09-20 05:00:00,0.459349,0.996695
1983,2016-09-20 05:00:00,0.128406,0.723836
1984,2016-09-20 05:00:00,0.064233,0.620214
1985,2016-09-20 05:00:00,0.015051,0.529649
1986,2016-09-20 05:00:00,0.082268,0.651
1987,2016-09-20 05:00:00,0.046722,0.589079
1988,2016-09-20 05:00:00,0.041239,0.579076
1989,2016-09-20 05:00:00,0.003407,0.506792
1990,2016-09-20 05:00:00,0.033702,0.565132
1991,2016-09-20 05:00:00,0.0051,0.510147
1992,2016-09-20 05:00:00,0.012595,0.524872
1993,2016-09-20 05:00:00,0.020605,0.540361
1994,2016-09-20 05:00:00,0.067506,0.625898
1995,2016-09-20 05:00:00,0.110943,0.69727
1996,2016-09-20 05:00:00,0.121663,0.713722
1997,2016-09-20 05:00:00,0.002428,0.504845
1998,2016-09-20 05:00:00,0.004283,0.508529
2004,2016-09-20 05:00:00,0.005534,0.511007
2005,2016-09-20 05:00:00,0.005951,0.511831
2006,2016-09-20 05:00:00,0.004219,0.508402
2007,2016-09-20 05:00:00,0.152331,0.758252
2008,2016-09-20 05:00:00,0.004616,0.50919
2009,2016-09-20 05:00:00,0.014224,0.528043
2010,2016-09-20 05:00:00,0.008147,0.516161
2011,2016-09-20 05:00:00,0.015848,0.531194
2012,2016-09-20 05:00:00,0.016435,0.53233
2013,2016-09-20 05:00:00,0.134337,0.732581
2014,2016-09-20 05:00:00,0.667438,0.943929
2015,2016-09-20 05:00:00,0.116667,0.706111
2016,2016-09-20 05:00:00,0.029584,0.557417
2017,2016-09-20 05:00:00,0.021171,0.541445
2018,2016-09-20 05:00:00,0.010598,0.520972
2019,2016-09-20 05:00:00,0.007687,0.515255
2020,2016-09-20 05:00:00,0.051058,0.596901
2021,2016-09-20 05:00:00,0.076438,0.64119
2022,2016-09-20 05:00:00,0.004763,0.509481
2023,2016-09-20 05:00:00,0.020839,0.540809
2024,2016-09-20 05:00:00,0.028648,0.555655
2025,2016-09-20 05:00:00,0.013573,0.526778
2026,2016-09-20 05:00:00,0.005993,0.511914
2027,2016-09-20 05:00:00,0.0161,0.531681
2028,2016-09-20 05:00:00,0.061642,0.615685
2029,2016-09-20 05:00:00,0.040921,0.578493
2030,2016-09-20 05:00:00,0.062684,0.617509
2031,2016-09-20 05:00:00,0.128222,0.723562
2032,2016-09-20 05:00:00,0.0267,0.551974
2033,2016-09-20 05:00:00,0.138291,0.738334
2034,2016-09-20 05:00:00,0.066359,0.623911
2035,2016-09-20 05:00:00,0.033588,0.56492
2036,2016-09-20 05:00:00,0.033694,0.565117
2037,2016-09-20 05:00:00,0.152449,0.758416
2038,2016-09-20 05:00:00,0.152212,0.758087
2039,2016-09-20 05:00:00,0.15212,0.757958
2040,2016-09-20 05:00:00,0.046564,0.588791
2041,2016-09-20 05:00:00,0.014542,0.52866
2042,2016-09-20 05:00:00,0.027257,0.553028
2043,2016-09-20 05:00:00,0.015774,0.531051
2044,2016-09-20 05:00:00,0.082463,0.651326
2045,2016-09-20 05:00:00,0.144107,0.746681
2046,2016-09-20 05:00:00,0.084608,0.654899
2047,2016-09-20 05:00:00,0.026797,0.552157
2048,2016-09-20 05:00:00,0.152047,0.757858
2054,2016-09-20 05:00:00,0.152037,0.757844
2055,2016-09-20 05:00:00,0.152596,0.758621
2056,2016-09-20 05:00:00,0.152267,0.758164
2057,2016-09-20 05:00:00,0.152143,0.757991
2058,2016-09-20 05:00:00,0.004882,0.509717
2059,2016-09-20 05:00:00,0.151997,0.757788
2060,2016-09-20 05:00:00,0.022028,0.543085
2061,2016-09-20 05:00:00,0.03927,0.575456
2062,2016-09-20 05:00:00,0.028701,0.555755
2063,2016-09-20 05:00:00,0.00959,0.518996
2064,2016-09-20 05:00:00,0.121978,0.714198
2065,2016-09-20 05:00:00,0.017548,0.53448
2066,2016-09-20 05:00:00,0.004923,0.509798
2067,2016-09-20 05:00:00,0.005309,0.510562
2068,2016-09-20 05:00:00,0.001993,0.503979
2069,2016-09-20 05:00:00,0.077642,0.643227
2070,2016-09-20 05:00:00,0.011636,0.523001
2071,2016-09-20 05:00:00,0.016475,0.532408
2072,2016-09-20 05:00:00,0.019196,0.537654
2073,2016-09-20 05:00:00,0.011108,0.52197
2074,2016-09-20 05:00:00,0.018288,0.535907
2075,2016-09-20 05:00:00,0.009796,0.5194
2076,2016-09-20 05:00:00,0.407724,0.98297
2077,2016-09-20 05:00:00,0.005673,0.511282
2078,2016-09-20 05:00:00,0.02336,0.545628
2079,2016-09-20 05:00:00,0.020534,0.540224
2080,2016-09-20 05:00:00,0.030749,0.559606
2081,2016-09-20 05:00:00,0.031685,0.561362
2082,2016-09-20 05:00:00,0.09064,0.664849
2083,2016-09-20 05:00:00,0.07841,0.644523
2084,2016-09-20 05:00:00,0.088049,0.660592
2085,2016-09-20 05:00:00,0.158958,0.767381
2086,2016-09-20 05:00:00,0.062467,0.61713
2087,2016-09-20 05:00:00,0.091761,0.666682
2088,2016-09-20 05:00:00,0.008532,0.516918
2089,2016-09-20 05:00:00,0.000239,0.500479
2090,2016-09-20 05:00:00,0.007489,0.514866
2091,2016-09-20 05:00:00,0.019161,0.537588
2092,2016-09-20 05:00:00,0.02603,0.550704
2093,2016-09-20 05:00:00,0.042748,0.581842
2094,2016-09-20 05:00:00,0.07363,0.636417
2095,2016-09-20 05:00:00,0.031681,0.561354
2096,2016-09-20 05:00:00,0.01249,0.524669
2097,2016-09-20 05:00:00,0.008147,0.516161
2098,2016-09-20 05:00:00,0.023581,0.546051
2099,2016-09-20 05:00:00,0.152171,0.75803
2106,2016-09-20 05:00:00,0.072714,0.634853
2107,2016-09-20 05:00:00,0.717722,0.905194
2108,2016-09-20 05:00:00,0.013402,0.526445
2109,2016-09-20 05:00:00,0.032935,0.563701
2110,2016-09-20 05:00:00,0.038514,0.574061
2111,2016-09-20 05:00:00,0.00529,0.510525
2112,2016-09-20 05:00:00,0.0,0.500001
2113,2016-09-20 05:00:00,0.01019,0.520172
2114,2016-09-20 05:00:00,0.000889,0.501777
2115,2016-09-20 05:00:00,0.07029,0.630699
2116,2016-09-20 05:00:00,0.004249,0.508463
2117,2016-09-20 05:00:00,0.007545,0.514976
2118,2016-09-20 05:00:00,0.101991,0.683177
2119,2016-09-20 05:00:00,0.152318,0.758234
2120,2016-09-20 05:00:00,0.995953,0.508061
2121,2016-09-20 05:00:00,0.004914,0.509779
2122,2016-09-20 05:00:00,0.048122,0.591612
2123,2016-09-20 05:00:00,0.037193,0.571619
2124,2016-09-20 05:00:00,0.019698,0.538619
2125,2016-09-20 05:00:00,0.044463,0.584971
2126,2016-09-20 05:00:00,0.005583,0.511103
2127,2016-09-20 05:00:00,0.024005,0.546858
2128,2016-09-20 05:00:00,0.017908,0.535175
2129,2016-09-20 05:00:00,0.037769,0.572684
2130,2016-09-20 05:00:00,0.015189,0.529917
2131,2016-09-20 05:00:00,0.024044,0.546931
2132,2016-09-20 05:00:00,0.058996,0.61103
2133,2016-09-20 05:00:00,0.010219,0.520229
2134,2016-09-20 05:00:00,0.045243,0.586392
2135,2016-09-20 05:00:00,0.063874,0.619588
2136,2016-09-20 05:00:00,0.027231,0.552979
2137,2016-09-20 05:00:00,0.171715,0.784458
2138,2016-09-20 05:00:00,0.037865,0.572862
2139,2016-09-20 05:00:00,0.00791,0.515696
2140,2016-09-20 05:00:00,0.031212,0.560476
2141,2016-09-20 05:00:00,0.01523,0.529997
2142,2016-09-20 05:00:00,0.051447,0.597601
2143,2016-09-20 05:00:00,0.03927,0.575455
2144,2016-09-20 05:00:00,0.203742,0.824463
2145,2016-09-20 05:00:00,0.010503,0.520786
2146,2016-09-20 05:00:00,0.064357,0.62043
2147,2016-09-20 05:00:00,0.056749,0.607056
2148,2016-09-20 05:00:00,0.004305,0.508574
2149,2016-09-20 05:00:00,0.013333,0.526311
2157,2016-09-20 05:00:00,0.059023,0.611078
2158,2016-09-20 05:00:00,0.819561,0.795762
2159,2016-09-20 05:00:00,0.004924,0.509799
2160,2016-09-20 05:00:00,0.15213,0.757973
2161,2016-09-20 05:00:00,0.152148,0.757998
2162,2016-09-20 05:00:00,0.163792,0.773928
2163,2016-09-20 05:00:00,0.060151,0.613066
2164,2016-09-20 05:00:00,0.014835,0.52923
2165,2016-09-20 05:00:00,0.02214,0.5433
2166,2016-09-20 05:00:00,0.9986,0.502797
2167,2016-09-20 05:00:00,0.152221,0.758099
2168,2016-09-20 05:00:00,0.152017,0.757816
2169,2016-09-20 05:00:00,0.009688,0.519189
2170,2016-09-20 05:00:00,0.004502,0.508964
2171,2016-09-20 05:00:00,0.277853,0.901302
2172,2016-09-20 05:00:00,0.039188,0.575305
2173,2016-09-20 05:00:00,0.180139,0.795378
2174,2016-09-20 05:00:00,0.070318,0.630746
2175,2016-09-20 05:00:00,0.02543,0.549567
2176,2016-09-20 05:00:00,0.004577,0.509113
2177,2016-09-20 05:00:00,0.024627,0.548042
2178,2016-09-20 05:00:00,0.013484,0.526604
2179,2016-09-20 05:00:00,0.091216,0.665791
2180,2016-09-20 05:00:00,0.016329,0.532124
2181,2016-09-20 05:00:00,0.044785,0.585559
2182,2016-09-20 05:00:00,0.125578,0.719616
2183,2016-09-20 05:00:00,0.035921,0.569261
2184,2016-09-20 05:00:00,0.037867,0.572866
2185,2016-09-20 05:00:00,0.008592,0.517035
2186,2016-09-20 05:00:00,0.035391,0.568277
2187,2016-09-20 05:00:00,0.023536,0.545964
2188,2016-09-20 05:00:00,0.044621,0.58526
2189,2016-09-20 05:00:00,0.066986,0.624998
2190,2016-09-20 05:00:00,0.006449,0.512814
2191,2016-09-20 05:00:00,0.019202,0.537666
2192,2016-09-20 05:00:00,0.020571,0.540295
2193,2016-09-20 05:00:00,0.005614,0.511164
2194,2016-09-20 05:00:00,0.014399,0.528383
2195,2016-09-20 05:00:00,0.061876,0.616095
2196,2016-09-20 05:00:00,0.104406,0.687011
2197,2016-09-20 05:00:00,0.002491,0.50497
2198,2016-09-20 05:00:00,0.152214,0.75809
2209,2016-09-20 05:00:00,0.152281,0.758182
2210,2016-09-20 05:00:00,0.152374,0.758313
2211,2016-09-20 05:00:00,0.152157,0.75801
2212,2016-09-20 05:00:00,0.152183,0.758046
2213,2016-09-20 05:00:00,0.027595,0.553668
2214,2016-09-20 05:00:00,0.01191,0.523537
2215,2016-09-20 05:00:00,0.054298,0.602699
2216,2016-09-20 05:00:00,0.152087,0.757913
2217,2016-09-20 05:00:00,0.116091,0.705228
2218,2016-09-20 05:00:00,0.064025,0.619851
2219,2016-09-20 05:00:00,0.152251,0.758141
2220,2016-09-20 05:00:00,0.152241,0.758128
2221,2016-09-20 05:00:00,0.152183,0.758046
2222,2016-09-20 05:00:00,0.152271,0.758168
2223,2016-09-20 05:00:00,0.406133,0.982378
2224,2016-09-20 05:00:00,0.006568,0.513049
2225,2016-09-20 05:00:00,0.194943,0.81388
2226,2016-09-20 05:00:00,0.027591,0.55366
2227,2016-09-20 05:00:00,0.009959,0.51972
2228,2016-09-20 05:00:00,0.003736,0.507444
2229,2016-09-20 05:00:00,0.008123,0.516113
2230,2016-09-20 05:00:00,0.03481,0.567196
2231,2016-09-20 05:00:00,0.04492,0.585804
2232,2016-09-20 05:00:00,0.01471,0.528987
2233,2016-09-20 05:00:00,0.012318,0.524333
2234,2016-09-20 05:00:00,0.011607,0.522944
2235,2016-09-20 05:00:00,0.012502,0.524691
2236,2016-09-20 05:00:00,0.019977,0.539155
2237,2016-09-20 05:00:00,0.017464,0.534318
2238,2016-09-20 05:00:00,0.02985,0.557918
2239,2016-09-20 05:00:00,0.013545,0.526724
2240,2016-09-20 05:00:00,0.03245,0.562794
2241,2016-09-20 05:00:00,0.030331,0.558823
2242,2016-09-20 05:00:00,0.006476,0.512868
2243,2016-09-20 05:00:00,0.01071,0.52119
2244,2016-09-20 05:00:00,0.007689,0.515261
2245,2016-09-20 05:00:00,0.004927,0.509806
2246,2016-09-20 05:00:00,0.152238,0.758123
2247,2016-09-20 05:00:00,0.027549,0.553579
2248,2016-09-20 05:00:00,0.152361,0.758294
2260,2016-09-20 05:00:00,0.152202,0.758073
2261,2016-09-20 05:00:00,0.152324,0.758243
2262,2016-09-20 05:00:00,0.152375,0.758313
2263,2016-09-20 05:00:00,0.005117,0.510183
2264,2016-09-20 05:00:00,0.082098,0.650715
2265,2016-09-20 05:00:00,0.008395,0.516649
2266,2016-09-20 05:00:00,0.05826,0.609731
2267,2016-09-20 05:00:00,0.077743,0.643398
2268,2016-09-20 05:00:00,0.152152,0.758003
2273,2016-09-20 05:00:00,0.152165,0.758022
2274,2016-09-20 05:00:00,0.152634,0.758673
2275,2016-09-20 05:00:00,1.0,0.5
2276,2016-09-20 05:00:00,0.034129,0.565929
2277,2016-09-20 05:00:00,0.003153,0.506286
2278,2016-09-20 05:00:00,0.005868,0.511668
2279,2016-09-20 05:00:00,0.007617,0.515118
2280,2016-09-20 05:00:00,0.029572,0.557395
2281,2016-09-20 05:00:00,0.028389,0.555166
2282,2016-09-20 05:00:00,0.005696,0.511326
2283,2016-09-20 05:00:00,0.264892,0.889449
2284,2016-09-20 05:00:00,0.021819,0.542686
2285,2016-09-20 05:00:00,0.010587,0.52095
2286,2016-09-20 05:00:00,0.162756,0.772533
2287,2016-09-20 05:00:00,0.006566,0.513045
2288,2016-09-20 05:00:00,0.016771,0.53298
2289,2016-09-20 05:00:00,0.091335,0.665985
2290,2016-09-20 05:00:00,0.036773,0.570841
2291,2016-09-20 05:00:00,0.035231,0.567979
2292,2016-09-20 05:00:00,0.01716,0.533732
2293,2016-09-20 05:00:00,0.01067,0.521112
2294,2016-09-20 05:00:00,0.733833,0.890644
2295,2016-09-20 05:00:00,0.152211,0.758086
2311,2016-09-20 05:00:00,0.152114,0.757951
2312,2016-09-20 05:00:00,0.152048,0.757859
2313,2016-09-20 05:00:00,0.029589,0.557427
2314,2016-09-20 05:00:00,0.05017,0.595306
2315,2016-09-20 05:00:00,0.141319,0.742696
2316,2016-09-20 05:00:00,0.006789,0.513485
2317,2016-09-20 05:00:00,0.152111,0.757946
2326,2016-09-20 05:00:00,0.957264,0.58182
2327,2016-09-20 05:00:00,0.005149,0.510244
2328,2016-09-20 05:00:00,0.02065,0.540448
2329,2016-09-20 05:00:00,0.045829,0.587457
2330,2016-09-20 05:00:00,0.037836,0.572809
2331,2016-09-20 05:00:00,0.033331,0.564441
2332,2016-09-20 05:00:00,0.011214,0.522177
2333,2016-09-20 05:00:00,0.014043,0.527692
2334,2016-09-20 05:00:00,0.0111,0.521954
2335,2016-09-20 05:00:00,0.230001,0.854201
2336,2016-09-20 05:00:00,0.016696,0.532835
2337,2016-09-20 05:00:00,0.406375,0.982469
2338,2016-09-20 05:00:00,0.007687,0.515256
2339,2016-09-20 05:00:00,0.147567,0.751581
2340,2016-09-20 05:00:00,0.238,0.862712
2341,2016-09-20 05:00:00,0.008147,0.516161
2342,2016-09-20 05:00:00,0.035524,0.568524
2343,2016-09-20 05:00:00,0.009251,0.51833
2344,2016-09-20 05:00:00,0.15214,0.757987
2345,2016-09-20 05:00:00,0.152214,0.75809
2362,2016-09-20 05:00:00,0.152078,0.757901
2363,2016-09-20 05:00:00,0.152518,0.758512
2364,2016-09-20 05:00:00,1.0,0.5
2365,2016-09-20 05:00:00,0.00566,0.511255
2366,2016-09-20 05:00:00,0.152157,0.75801
2376,2016-09-20 05:00:00,1.0,0.5
2377,2016-09-20 05:00:00,0.003571,0.507117
2378,2016-09-20 05:00:00,0.011452,0.522642
2379,2016-09-20 05:00:00,0.004195,0.508354
2380,2016-09-20 05:00:00,0.000516,0.501032
2381,2016-09-20 05:00:00,0.052785,0.599998
2382,2016-09-20 05:00:00,0.115386,0.704144
2383,2016-09-20 05:00:00,0.051611,0.597895
2384,2016-09-20 05:00:00,0.027266,0.553045
2385,2016-09-20 05:00:00,0.043194,0.582656
2386,2016-09-20 05:00:00,0.054962,0.603882
2387,2016-09-20 05:00:00,0.152014,0.757811
2388,2016-09-20 05:00:00,0.006461,0.512838
2389,2016-09-20 05:00:00,0.011546,0.522826
2390,2016-09-20 05:00:00,0.008323,0.516507
2391,2016-09-20 05:00:00,0.152419,0.758375
2392,2016-09-20 05:00:00,0.152295,0.758202
2393,2016-09-20 05:00:00,0.152173,0.758032
2394,2016-09-20 05:00:00,0.152037,0.757844
2395,2016-09-20 05:00:00,0.152218,0.758095
2412,2016-09-20 05:00:00,0.152287,0.758191
2413,2016-09-20 05:00:00,0.004184,0.508332
2414,2016-09-20 05:00:00,0.025024,0.548795
2415,2016-09-20 05:00:00,0.152174,0.758034
2427,2016-09-20 05:00:00,0.152152,0.758004
2428,2016-09-20 05:00:00,0.925608,0.637715
2429,2016-09-20 05:00:00,0.152013,0.757811
2430,2016-09-20 05:00:00,0.011221,0.522191
2431,2016-09-20 05:00:00,0.004924,0.5098
2432,2016-09-20 05:00:00,0.152212,0.758087
2433,2016-09-20 05:00:00,0.027837,0.554125
2434,2016-09-20 05:00:00,0.004914,0.509781
2435,2016-09-20 05:00:00,0.15202,0.75782
2436,2016-09-20 05:00:00,0.009423,0.518669
2437,2016-09-20 05:00:00,0.010096,0.519988
2438,2016-09-20 05:00:00,0.088349,0.661087
2439,2016-09-20 05:00:00,0.152275,0.758175
2440,2016-09-20 05:00:00,0.152217,0.758094
2441,2016-09-20 05:00:00,0.152213,0.758088
2462,2016-09-20 05:00:00,0.152381,0.758322
2463,2016-09-20 05:00:00,0.15222,0.758098
2464,2016-09-20 05:00:00,0.152191,0.758057
2477,2016-09-20 05:00:00,0.151941,0.75771
2478,2016-09-20 05:00:00,0.018513,0.53634
2479,2016-09-20 05:00:00,0.066618,0.624359
2480,2016-09-20 05:00:00,0.10515,0.688187
2481,2016-09-20 05:00:00,0.005154,0.510255
2482,2016-09-20 05:00:00,0.024945,0.548646
2483,2016-09-20 05:00:00,0.152631,0.75867
2484,2016-09-20 05:00:00,0.152315,0.758231
2485,2016-09-20 05:00:00,0.152211,0.758085
2486,2016-09-20 05:00:00,0.152337,0.75826
2487,2016-09-20 05:00:00,0.152138,0.757984
2488,2016-09-20 05:00:00,0.152373,0.758311
2489,2016-09-20 05:00:00,0.152331,0.758252
2490,2016-09-20 05:00:00,0.152211,0.758086
